age,income,category,status,score,region_code
62,55188.254,A,active,48.206875,4.0
69,43920.504,A,active,54.311684,4.0
45,42973.227,D,active,44.32075,2.0
65,52012.7,D,pending,63.26173,4.0
69,49526.848,A,pending,53.651917,4.0
61,45256.633,A,active,58.126038,3.0
63,41777.348,A,active,44.635826,2.0
66,55153.1,C,active,66.88195,4.0
41,51744.52,A,pending,58.99176,2.0
62,46089.074,A,active,53.007088,2.0
60,49405.918,A,active,29.858303,4.0
67,49213.33,C,active,59.299046,5.0
61,60547.938,C,pending,58.773735,4.0
56,50512.062,B,active,52.592705,2.0
64,57943.754,D,active,40.358765,4.0
56,42323.406,C,pending,58.325184,4.0
72,46108.5,B,active,39.74908,5.0
68,39896.633,D,pending,58.764305,4.0
61,53068.652,B,active,58.334724,2.0
74,39810.074,D,pending,52.709724,4.0
65,50964.098,D,active,44.320644,5.0
69,42778.754,A,active,63.8264,1.0
72,44917.81,D,active,42.62372,3.0
55,46541.953,D,active,53.592545,4.0
68,42686.793,C,active,65.91695,3.0
66,58240.266,C,pending,52.396107,2.0
67,44192.547,A,active,48.156605,3.0
62,49544.848,A,active,59.389427,5.0
70,58004.434,B,active,58.461143,4.0
61,50613.242,C,pending,60.24813,3.0
56,49525.543,D,active,50.512505,4.0
60,57130.547,A,active,68.12782,3.0
64,46194.684,D,active,57.37411,4.0
45,47202.492,D,pending,51.004997,3.0
67,49323.11,D,pending,49.861515,3.0
64,50898.82,D,active,55.47868,2.0
57,58411.715,B,pending,42.168102,2.0
56,48065.168,D,active,49.589714,2.0
68,58208.145,B,active,47.323627,5.0
67,56926.29,A,active,45.51563,2.0
58,44333.605,C,pending,48.08494,3.0
48,53980.133,D,pending,50.400978,4.0
51,47107.785,B,active,38.043705,4.0
66,48724.703,D,active,54.627243,4.0
63,48303.5,A,pending,48.70375,3.0
59,43288.215,D,pending,50.046715,2.0
71,42919.336,C,active,58.205036,5.0
67,45301.56,C,active,66.6494,4.0
57,46701.977,C,active,64.01806,2.0
57,56469.082,B,active,32.58305,2.0
62,53612.43,D,active,65.69922,3.0
62,57151.074,D,active,49.21219,2.0
66,53019.164,C,active,71.323364,4.0
65,53824.742,D,active,49.753242,2.0
71,50346.43,A,pending,40.808846,1.0
52,53656.37,D,active,57.90314,4.0
56,57351.0,B,active,56.944916,4.0
62,45895.45,D,active,65.13312,4.0
51,53100.28,A,active,53.46802,3.0
70,48973.613,D,pending,60.30352,4.0
54,46029.305,A,active,70.34896,2.0
56,54174.754,C,active,64.26435,3.0
67,44323.918,C,pending,59.79933,4.0
66,55477.543,B,pending,43.723316,4.0
70,41743.836,A,pending,46.060555,4.0
42,56027.35,D,active,66.53991,4.0
67,55869.004,D,active,50.96573,4.0
72,52666.51,D,pending,45.12704,3.0
64,45082.06,A,active,45.54101,2.0
69,48624.066,C,active,63.291023,3.0
67,51247.785,C,active,47.92828,2.0
43,60181.594,C,active,69.905624,4.0
64,48928.273,A,active,53.49303,4.0
65,46849.008,C,pending,64.74406,2.0
65,54881.74,D,active,55.613777,4.0
71,41518.316,A,active,44.78873,2.0
64,56065.645,C,active,51.457798,2.0
64,49920.793,D,active,43.676094,4.0
65,55974.83,B,inactive,48.13774,4.0
63,52320.9,A,active,44.363964,2.0
66,50995.613,D,pending,72.63166,4.0
64,47140.69,C,active,53.104008,2.0
69,48448.645,D,pending,65.31124,3.0
57,48412.25,A,active,44.14059,1.0
60,41469.93,D,active,50.20242,2.0
61,50119.83,D,pending,57.807182,5.0
65,54318.008,A,active,37.425743,3.0
69,47668.566,C,active,66.42941,5.0
69,50012.395,C,pending,64.239525,2.0
72,48016.59,D,pending,46.283703,4.0
52,53120.414,C,pending,74.18175,4.0
69,40402.375,A,active,55.831894,4.0
48,47353.3,A,pending,56.3814,1.0
71,47178.996,D,active,55.655422,4.0
59,46323.46,B,active,46.722122,3.0
55,42871.3,A,active,57.09085,4.0
54,50529.105,C,active,72.36719,3.0
69,51504.227,C,active,58.99891,3.0
60,44733.297,A,active,59.540154,2.0
61,57682.125,B,active,50.95844,4.0
62,52353.027,D,active,67.70001,2.0
71,49615.785,A,active,68.31193,3.0
65,48553.59,D,pending,57.587498,4.0
65,46358.75,D,active,43.97934,3.0
72,53575.086,D,active,53.190235,4.0
67,44658.0,B,active,60.714878,4.0
64,57910.01,D,pending,57.50533,3.0
66,54469.12,C,active,65.59993,4.0
59,46210.062,C,pending,65.554794,2.0
67,43251.375,C,active,70.61855,2.0
70,43966.89,A,active,62.304737,3.0
67,48812.96,D,active,61.818455,2.0
68,42158.812,B,active,49.097622,2.0
66,56632.82,D,active,59.47986,4.0
64,50006.387,A,pending,52.05683,2.0
65,43734.168,D,active,57.04273,4.0
65,56990.586,D,active,55.722572,3.0
69,45229.035,C,active,71.69755,3.0
66,45714.86,A,pending,64.7567,2.0
58,46515.39,A,active,48.43558,4.0
58,52030.613,A,pending,35.379383,3.0
66,47343.707,C,pending,61.220333,2.0
56,59359.367,D,active,65.917816,2.0
64,50935.23,D,active,49.61914,5.0
69,41921.03,D,active,57.432888,4.0
58,49934.176,A,active,62.025665,3.0
67,46259.15,D,active,52.73821,2.0
71,46026.348,D,active,65.341675,3.0
61,54445.973,D,active,66.495255,2.0
66,53529.816,C,inactive,52.41702,3.0
62,45716.785,C,active,48.09505,4.0
60,41150.316,D,pending,49.248837,4.0
65,53629.156,A,pending,58.02567,2.0
68,46789.125,C,inactive,71.809166,2.0
60,46606.11,C,active,48.813873,2.0
60,47876.473,D,active,60.072613,5.0
73,44098.242,C,pending,71.8181,3.0
68,57905.895,D,active,63.728943,2.0
54,57318.047,C,active,68.85076,5.0
73,48714.836,D,pending,36.92602,2.0
54,51449.33,B,active,40.949684,2.0
55,54862.75,D,active,43.35329,2.0
66,44080.984,C,active,64.13741,4.0
70,40533.84,B,pending,62.237682,5.0
57,48869.082,C,active,42.546867,3.0
62,52416.105,D,inactive,69.70582,2.0
66,41252.723,D,pending,51.39186,4.0
60,48278.125,D,pending,59.526913,4.0
50,54534.97,D,active,48.124283,2.0
59,54996.242,A,pending,53.92103,4.0
57,48224.336,D,active,66.89118,4.0
61,50870.8,D,active,63.389397,4.0
64,51321.008,C,pending,64.097046,3.0
64,47866.766,D,active,50.953293,4.0
75,52272.88,D,active,39.713436,2.0
65,43315.785,A,active,42.34906,2.0
54,55429.684,A,active,62.453857,2.0
71,51927.88,A,pending,36.54413,4.0
60,47374.535,A,active,51.90308,5.0
60,48680.8,D,active,65.796234,5.0
67,51639.27,A,active,56.24764,4.0
59,46534.992,A,active,54.336838,3.0
63,47370.715,C,active,64.288925,5.0
65,50314.43,D,active,63.483192,3.0
60,47664.203,D,active,60.95143,5.0
70,46685.18,A,active,61.26393,2.0
69,45940.453,D,pending,53.661583,3.0
57,54699.24,C,pending,38.89917,2.0
67,48435.867,C,active,48.16192,4.0
65,50955.145,D,active,53.70918,2.0
68,46442.63,A,active,51.308132,4.0
53,53648.246,D,active,63.479504,4.0
72,59486.504,D,active,61.053402,2.0
61,45575.11,C,active,56.070686,2.0
52,45678.32,C,pending,43.784863,4.0
55,51106.45,D,pending,62.89297,2.0
70,53934.125,D,active,46.353508,4.0
65,58096.848,D,active,48.773163,4.0
65,52615.52,B,active,52.86515,4.0
53,48800.94,B,pending,52.581066,4.0
66,58904.473,A,active,49.005085,4.0
56,49243.47,C,pending,59.69235,4.0
69,56490.23,D,active,61.10726,2.0
64,46947.082,C,active,61.468494,3.0
60,49054.0,A,active,52.86962,2.0
71,52042.574,D,active,54.95333,4.0
74,57583.37,D,active,70.35604,3.0
58,51936.086,A,active,56.907482,4.0
61,52754.062,A,pending,47.984917,4.0
51,49879.645,B,active,46.416782,2.0
62,38391.676,C,pending,54.12533,4.0
67,51723.914,B,pending,60.311905,2.0
70,50142.168,A,pending,33.813793,3.0
54,51209.613,A,active,63.40671,4.0
68,54916.18,C,active,65.37447,3.0
65,52486.43,B,active,45.137733,5.0
63,48128.14,C,active,48.775642,2.0
57,52248.26,C,active,55.89053,4.0
69,47409.89,C,pending,70.335205,4.0
59,53479.793,D,inactive,49.42086,2.0
48,60557.54,A,pending,39.216587,5.0
59,56867.332,D,pending,56.88787,4.0
62,47076.5,C,active,55.402332,3.0
69,50943.29,C,active,41.97901,4.0
72,47600.11,C,pending,65.64994,4.0
59,56116.805,A,active,54.635258,2.0
73,50789.527,A,active,43.499775,2.0
68,41156.473,D,active,67.08843,2.0
63,49521.227,C,active,53.037125,2.0
58,42420.918,D,active,54.20689,2.0
51,45166.95,D,pending,51.439064,2.0
65,48347.445,C,active,54.180405,4.0
70,47608.863,B,active,62.161907,4.0
65,48840.973,A,active,49.84215,2.0
73,50239.72,C,active,63.8882,4.0
65,44647.812,C,pending,71.35507,3.0
51,51453.496,C,pending,61.45048,3.0
66,43457.816,C,pending,66.5394,4.0
62,48945.676,A,pending,40.01522,2.0
59,57388.9,D,active,56.64028,2.0
69,53176.72,D,pending,49.232113,1.0
69,42745.71,D,pending,60.150772,3.0
66,45547.324,D,active,67.97881,3.0
62,48403.918,D,pending,62.902496,4.0
72,57569.65,D,active,59.57469,5.0
62,49174.68,A,active,54.282063,4.0
57,48705.05,D,active,54.842834,5.0
66,47406.94,C,pending,41.635235,2.0
58,45700.508,D,pending,37.349854,2.0
64,54216.152,D,active,45.81271,4.0
64,47583.367,D,active,67.45871,4.0
67,46997.08,A,active,54.03565,2.0
62,51823.727,D,active,62.924866,2.0
70,46696.266,C,active,69.84859,2.0
60,47532.562,A,active,47.839382,2.0
54,53741.656,D,pending,59.915176,4.0
74,38955.465,A,active,42.400898,3.0
67,46876.9,C,pending,59.120388,2.0
70,48161.28,C,active,53.470222,3.0
73,52413.887,D,active,41.063564,4.0
70,55696.55,D,pending,47.390163,5.0
66,45987.312,A,active,38.531746,2.0
58,58417.656,D,pending,51.092373,4.0
59,44513.113,D,active,71.306,4.0
72,53033.316,D,active,49.987362,2.0
64,50517.902,D,active,53.385223,2.0
57,43361.164,D,pending,55.604713,4.0
57,43266.113,C,active,65.50589,4.0
65,46229.133,A,active,64.97792,4.0
56,46452.656,B,active,54.4372,2.0
72,48383.98,D,active,40.730972,3.0
68,49226.49,D,active,54.04906,4.0
58,51344.293,D,active,53.931915,4.0
63,39948.95,A,active,62.378807,3.0
68,53544.7,C,active,66.89882,4.0
45,51542.207,D,pending,53.267403,4.0
63,44819.406,D,pending,71.59432,4.0
73,43427.57,C,active,47.132957,4.0
63,45211.86,C,active,57.76017,4.0
63,45520.387,A,active,44.508106,3.0
70,52496.473,D,pending,62.357857,4.0
62,50883.105,B,active,30.140978,2.0
69,42872.06,D,active,55.80395,5.0
51,48849.74,A,inactive,47.52552,2.0
71,48543.383,A,active,64.6054,2.0
57,44656.434,C,active,62.91326,2.0
62,46911.99,D,active,57.770794,5.0
68,49610.902,D,pending,45.700016,4.0
61,55163.574,B,active,54.501293,4.0
61,45182.84,A,active,55.28748,5.0
68,46846.254,D,active,68.71237,4.0
72,49382.42,B,active,46.888737,4.0
63,51776.863,D,active,56.92533,4.0
52,47928.473,A,active,52.951645,4.0
56,51179.566,D,active,52.935917,4.0
65,47580.652,D,active,63.27395,4.0
73,50193.02,A,active,59.74476,3.0
71,57821.324,D,pending,55.884228,5.0
74,41998.95,B,active,48.725002,4.0
63,46466.36,A,active,57.799694,2.0
66,50317.297,A,active,57.9242,2.0
54,49627.543,C,active,51.56695,2.0
58,49433.605,C,active,56.300297,2.0
61,54205.65,D,active,64.618835,2.0
65,42957.79,C,active,57.109287,2.0
68,42188.426,A,active,36.44399,2.0
17,46443.934,D,pending,57.877773,4.0
67,44616.367,B,inactive,47.96405,2.0
64,57940.555,C,active,38.394115,2.0
69,44834.39,A,active,45.67427,1.0
73,57107.1,D,active,60.154884,2.0
60,42606.684,A,active,36.301323,2.0
61,39020.76,D,active,46.55237,4.0
68,45719.23,A,pending,64.95088,4.0
69,56233.867,D,active,71.269745,2.0
69,50162.008,C,active,72.094666,2.0
70,41692.9,A,active,39.22634,2.0
70,52012.715,D,pending,56.69862,3.0
63,42411.664,B,active,52.67754,4.0
53,48922.45,B,active,45.34182,3.0
58,47455.04,D,pending,64.59635,4.0
68,59425.184,C,active,65.42015,5.0
56,53654.65,C,active,45.50889,3.0
62,42987.11,C,active,72.53362,3.0
65,51153.336,D,active,62.671997,5.0
62,42712.27,A,active,41.830555,2.0
72,49626.69,C,active,69.1998,2.0
58,49565.758,A,active,59.830776,4.0
54,41686.156,D,active,48.609676,5.0
58,38246.22,D,active,65.06916,3.0
54,44729.773,C,active,52.9547,2.0
68,47581.312,C,active,66.47906,2.0
60,40778.453,B,active,44.07026,5.0
65,50879.99,D,active,51.86231,2.0
67,55621.07,D,active,61.765957,2.0
70,40184.113,D,active,44.99271,2.0
60,48188.66,C,pending,62.724857,2.0
65,39469.293,C,active,55.08548,4.0
56,50128.934,C,active,45.54259,5.0
63,44696.14,D,active,34.12046,3.0
69,46383.9,C,active,65.95963,2.0
64,38753.836,D,inactive,56.059757,2.0
68,56893.01,A,pending,68.44163,3.0
57,45035.44,B,active,52.380695,2.0
68,40792.285,D,active,61.375584,2.0
70,41374.098,A,active,63.472702,2.0
66,49606.984,D,active,54.99605,4.0
61,43036.96,B,active,54.850704,2.0
68,41892.582,D,active,55.60292,4.0
69,46701.258,B,active,44.79008,3.0
63,60258.367,B,pending,34.452896,2.0
58,46123.586,D,active,47.508312,2.0
64,40849.742,C,active,47.00144,4.0
63,55835.973,D,active,58.85024,2.0
59,51456.156,C,active,51.19018,4.0
67,42594.26,D,pending,41.932556,2.0
66,41684.426,C,active,66.75532,3.0
54,46543.41,A,active,59.531147,2.0
66,54031.812,B,pending,52.173534,4.0
57,46379.996,A,active,42.46814,4.0
49,49000.49,C,active,69.34026,2.0
73,41364.723,A,active,53.733337,2.0
69,44267.184,C,active,53.131287,2.0
64,56665.402,D,active,54.70743,3.0
55,48505.434,C,pending,52.12265,3.0
64,55340.04,A,active,75.1639,3.0
68,46733.58,D,active,54.9421,3.0
61,51169.84,D,pending,66.00552,5.0
61,54976.477,B,active,45.18429,2.0
61,46156.16,A,active,39.126354,2.0
66,41570.65,A,active,29.863083,2.0
62,42230.63,A,active,73.513794,2.0
64,47732.35,C,active,63.36325,4.0
49,48466.42,C,active,56.134544,3.0
57,54172.4,D,active,56.1493,4.0
61,43809.367,D,active,64.96523,4.0
69,50271.273,D,active,50.82741,4.0
70,49957.523,D,active,59.569344,4.0
70,44431.277,D,pending,47.921486,2.0
64,53815.285,C,pending,37.848503,2.0
56,43549.523,A,active,47.624714,5.0
71,46794.773,D,inactive,63.14739,4.0
64,44648.57,C,active,53.71313,4.0
58,53855.914,B,active,47.63573,4.0
60,51563.855,C,pending,45.51342,2.0
60,53539.285,C,active,47.146317,4.0
51,47005.395,B,active,49.994152,4.0
66,52509.62,C,pending,65.7315,4.0
68,54316.95,D,active,51.30743,3.0
69,48688.035,D,active,64.82053,4.0
68,53759.973,D,active,76.71419,2.0
56,38692.434,C,pending,56.59742,2.0
72,47670.613,A,pending,64.26902,4.0
64,47303.004,D,active,72.656044,4.0
56,40176.176,D,pending,73.405594,2.0
61,51418.164,C,active,74.11863,3.0
51,50039.566,D,pending,45.94735,4.0
59,46485.195,A,active,57.111954,4.0
65,42860.69,D,active,56.797997,2.0
58,54614.844,D,pending,67.08217,2.0
63,51292.914,D,active,54.290237,3.0
54,52028.688,D,pending,61.95281,2.0
46,54517.234,A,active,50.453476,2.0
65,48827.258,C,active,64.11871,2.0
66,49982.277,C,pending,43.417046,5.0
59,48114.94,D,active,63.469906,3.0
61,49943.61,A,pending,58.497265,4.0
58,49905.566,C,pending,67.761444,4.0
69,45503.875,D,active,60.80768,4.0
59,52412.34,C,active,58.4217,4.0
61,45794.574,C,pending,53.092247,4.0
61,44249.953,B,active,50.342236,4.0
68,47067.78,D,pending,48.72658,3.0
63,56791.312,A,pending,38.21154,4.0
69,38027.953,A,active,57.09084,2.0
64,42292.05,A,active,46.816174,3.0
67,55021.062,D,inactive,47.472225,3.0
62,50261.605,B,active,65.23618,4.0
58,52551.402,D,active,60.544422,2.0
59,56541.312,C,active,58.039032,4.0
67,46749.203,A,active,55.338104,2.0
52,56581.59,B,pending,43.312756,4.0
44,48330.426,C,active,56.601032,2.0
67,42727.383,C,active,68.45548,2.0
58,50515.34,B,active,51.64793,4.0
71,42702.465,D,pending,69.005615,2.0
69,47931.383,C,inactive,51.394123,2.0
61,53927.344,C,active,59.263695,4.0
69,53359.89,C,active,72.46889,3.0
55,55605.098,C,pending,48.70997,4.0
61,46378.17,A,pending,52.69486,2.0
58,45828.406,C,active,66.77765,3.0
52,53724.594,A,active,59.522,4.0
56,44633.676,C,active,58.983856,3.0
52,47261.73,C,active,64.039505,5.0
59,43784.074,D,active,53.262947,2.0
46,51723.562,A,active,52.0411,2.0
57,44135.652,D,active,57.279766,3.0
69,44239.367,D,active,57.26226,2.0
71,44230.184,D,pending,65.49145,4.0
65,52079.605,A,active,54.788548,2.0
58,43095.3,D,active,56.327995,2.0
50,42474.15,C,active,69.16783,5.0
62,49726.48,A,pending,67.67719,2.0
60,45434.938,A,active,63.267876,4.0
74,47787.25,B,active,43.321503,3.0
73,50878.31,A,pending,40.305363,2.0
69,42013.723,C,pending,58.037525,4.0
57,49250.19,B,active,66.710365,5.0
60,43429.59,A,active,56.436256,2.0
70,48748.355,A,active,38.125916,4.0
65,51344.63,A,active,62.536133,3.0
61,39349.656,D,active,44.460857,3.0
65,51382.17,A,active,66.83168,2.0
62,46931.76,D,pending,64.00497,4.0
64,50519.27,B,active,65.920784,5.0
66,55379.754,D,active,60.313076,3.0
56,47719.188,C,active,66.77099,3.0
60,50693.863,B,inactive,53.225166,4.0
53,52568.45,D,active,43.384388,4.0
68,43664.047,D,active,63.220634,2.0
46,53301.656,D,inactive,53.94538,2.0
69,50820.34,D,pending,60.551434,3.0
65,41025.637,D,active,52.6422,4.0
69,57500.207,D,active,45.048515,2.0
55,50583.414,A,active,59.372288,2.0
66,47695.086,D,pending,52.032772,2.0
66,42045.258,C,active,65.29432,4.0
59,49305.38,D,active,51.72735,4.0
68,44213.746,C,active,60.691757,5.0
69,47034.203,A,pending,56.410114,4.0
73,41998.18,A,active,48.737984,2.0
58,40118.88,B,active,50.109158,4.0
71,47036.31,D,pending,62.715366,4.0
57,49333.324,C,pending,71.439804,3.0
71,49658.133,D,active,65.171104,4.0
48,44248.34,A,active,61.24166,5.0
67,49908.195,D,active,54.388435,3.0
48,51076.316,C,active,57.202568,4.0
66,45512.535,B,active,45.05131,4.0
43,54345.53,A,pending,68.66886,3.0
64,52330.38,B,active,35.245983,2.0
54,49273.21,C,active,66.91498,2.0
47,49002.79,D,active,53.046646,4.0
70,51091.08,B,active,67.184296,3.0
61,47957.85,A,active,54.522625,1.0
62,49146.34,D,pending,50.220943,4.0
70,60137.535,D,pending,36.894608,4.0
65,59110.188,A,active,43.746746,1.0
57,47901.26,A,active,44.466896,1.0
64,46780.996,D,pending,51.510265,4.0
56,49142.69,B,inactive,58.086544,3.0
65,43292.676,D,active,58.312565,2.0
50,51548.566,D,active,72.27908,4.0
68,46129.25,A,active,65.052216,4.0
65,53742.29,C,active,58.637184,4.0
64,54712.96,A,active,57.7157,3.0
57,50800.25,C,active,51.85932,4.0
58,46077.324,D,active,62.10041,3.0
61,49969.906,D,active,43.08624,2.0
66,45808.99,D,active,50.000744,2.0
35,51335.926,A,pending,62.88617,4.0
71,52875.984,D,active,55.133137,4.0
71,45298.227,A,active,39.000786,2.0
55,48290.18,C,active,55.822803,3.0
48,50656.99,B,active,57.033146,2.0
72,46471.953,C,active,65.21292,3.0
66,54832.438,B,active,64.52382,4.0
70,45073.047,D,active,68.10681,4.0
51,43706.598,A,pending,60.45997,4.0
59,56430.805,D,active,58.990326,4.0
57,53750.02,C,pending,63.376877,4.0
68,53331.2,D,pending,51.118988,4.0
61,41462.2,B,active,46.248802,4.0
62,54402.2,C,active,58.320805,4.0
60,53702.83,A,active,30.91512,4.0
65,54779.06,A,active,48.585094,2.0
63,45087.527,A,pending,42.246887,4.0
62,49996.484,D,active,53.971016,4.0
66,49507.77,A,pending,46.155125,2.0
48,46612.414,C,pending,60.53067,4.0
60,47781.484,C,pending,57.693493,4.0
50,51073.836,C,active,66.14079,2.0
71,56502.484,B,active,42.230873,2.0
58,40289.004,A,active,59.986137,4.0
63,40122.348,A,pending,69.82026,4.0
68,42318.457,D,pending,42.597855,4.0
70,59331.28,C,active,49.69584,4.0
58,44714.33,C,active,57.01461,2.0
57,42365.945,D,active,41.073765,5.0
69,43264.633,A,active,50.13441,2.0
58,54374.773,B,active,35.645332,2.0
45,53510.266,B,active,62.339397,4.0
65,42334.273,D,pending,42.451725,4.0
56,55967.77,D,active,51.513832,4.0
65,47869.6,D,inactive,47.71806,4.0
58,51309.15,A,active,66.653275,4.0
68,56089.94,C,pending,56.484943,3.0
69,51870.723,D,active,37.99511,3.0
68,47916.184,D,active,47.040695,2.0
60,46409.477,C,active,49.895035,3.0
57,53020.836,A,active,59.417408,4.0
59,41570.844,D,pending,68.789375,2.0
70,55634.332,C,active,70.31418,2.0
66,49184.01,D,active,66.74307,3.0
67,45053.715,A,active,56.124622,4.0
55,44790.75,C,pending,72.443794,4.0
61,52923.89,D,active,52.47034,4.0
58,41650.25,A,active,56.555252,4.0
63,52804.1,D,active,55.290188,4.0
60,44460.523,A,active,44.59708,2.0
62,50691.297,C,active,57.306408,3.0
59,47617.81,C,active,55.635998,4.0
70,45383.312,D,pending,33.59094,2.0
67,42617.527,B,active,48.189766,4.0
51,51659.68,B,pending,62.54025,4.0
65,43763.76,D,active,50.662453,2.0
69,42944.11,D,active,50.703968,3.0
62,42948.406,A,active,64.64947,4.0
53,54805.58,A,active,66.53001,3.0
67,51472.44,A,active,48.671124,2.0
61,49284.89,D,active,61.88091,5.0
68,47867.824,D,active,53.9429,4.0
67,50005.945,C,pending,50.724342,2.0
62,55536.938,C,pending,60.394947,4.0
67,46475.023,D,active,62.26269,2.0
67,54818.383,D,active,65.30279,4.0
67,57921.062,B,active,45.90205,4.0
55,48173.44,C,active,68.50785,5.0
63,45756.684,C,active,59.546886,2.0
69,39690.46,D,active,39.47855,2.0
65,41829.32,A,active,52.649918,5.0
53,51690.668,C,active,47.15085,5.0
47,48808.242,D,pending,54.427963,2.0
69,39800.1,D,pending,39.288326,2.0
60,55028.688,C,pending,63.830685,2.0
61,52331.36,B,active,43.12311,2.0
57,45243.117,C,pending,64.09399,5.0
63,56842.07,A,active,54.55912,2.0
64,47153.71,C,pending,49.534477,4.0
43,49694.336,A,active,65.701225,3.0
59,43984.895,A,active,52.84252,2.0
61,52292.62,A,pending,41.770535,3.0
67,48447.79,C,active,69.375465,3.0
68,39409.832,A,active,42.856018,4.0
57,47342.977,D,active,51.411926,2.0
74,50650.64,D,active,45.73473,4.0
41,53248.586,A,active,53.466465,2.0
70,40221.355,D,pending,45.599174,2.0
59,44246.605,D,pending,67.705635,3.0
65,52413.227,A,pending,54.801975,2.0
65,50626.074,A,active,63.08639,4.0
61,50152.324,A,active,70.59019,3.0
53,47768.6,C,active,59.128044,1.0
59,57957.69,A,pending,57.833157,4.0
57,47277.54,B,active,55.564487,5.0
67,43770.78,A,pending,63.026432,4.0
67,43404.348,A,active,46.32604,2.0
67,48727.434,C,active,66.73926,2.0
73,51502.83,D,active,52.641506,4.0
60,57432.44,B,pending,53.51034,4.0
69,45674.83,B,active,51.06754,3.0
64,51460.957,D,active,52.611267,4.0
69,43685.992,C,pending,52.35314,2.0
70,42246.37,C,active,58.478634,2.0
58,50412.39,A,active,62.73721,2.0
64,45687.734,A,pending,33.926834,4.0
66,45858.86,B,active,49.600727,2.0
55,42841.062,D,pending,67.7765,4.0
60,47754.832,A,active,63.727703,4.0
68,54984.047,B,active,48.045345,2.0
65,46090.203,C,active,68.33406,4.0
71,42438.88,D,active,43.636852,4.0
57,49694.668,D,pending,72.60841,4.0
55,52038.926,A,active,58.187206,5.0
59,47846.86,C,active,69.18161,4.0
70,51271.793,C,active,64.384926,3.0
70,46397.742,D,pending,61.910748,3.0
62,44882.94,D,inactive,66.65638,3.0
68,49092.008,D,active,65.50424,2.0
71,47655.664,B,active,43.48536,2.0
66,38483.36,D,active,39.69013,2.0
62,52884.832,D,active,48.693634,2.0
57,45773.13,C,active,65.26626,5.0
69,46682.117,B,active,67.71783,2.0
61,50962.367,A,active,63.168964,2.0
49,45886.965,D,active,73.93219,5.0
66,52108.695,C,active,53.16357,4.0
68,44540.16,D,active,68.02708,3.0
71,48149.527,B,pending,69.65579,4.0
73,48231.793,D,active,62.9929,2.0
60,50686.453,C,active,64.96663,4.0
54,49226.96,C,active,61.295498,3.0
67,54125.6,D,active,57.05322,5.0
50,40354.65,A,active,48.10818,2.0
49,50789.67,D,active,54.54204,4.0
74,43188.09,A,inactive,56.011803,3.0
68,53106.465,A,pending,49.537075,2.0
70,41361.332,C,active,57.84868,2.0
73,40288.73,D,active,47.42817,5.0
56,48332.77,C,pending,58.463367,2.0
71,47552.0,A,active,50.34544,2.0
59,48135.797,B,active,49.02271,2.0
65,44208.203,D,active,56.243694,2.0
60,49856.27,A,active,45.164303,2.0
67,48961.684,B,active,55.83082,4.0
69,38155.754,D,pending,75.838745,4.0
62,47166.473,A,active,49.564037,2.0
69,54896.6,D,active,58.994553,3.0
54,45474.477,C,active,56.150494,2.0
72,41284.945,C,active,55.155235,2.0
67,44399.016,D,pending,62.79459,4.0
51,51574.39,C,pending,56.343555,2.0
63,47207.625,C,active,66.47969,2.0
64,48177.93,D,pending,57.373024,4.0
62,52426.01,D,active,58.324577,2.0
73,52974.094,D,active,62.230072,4.0
63,47890.492,D,active,56.384956,4.0
46,53064.312,C,active,59.862904,2.0
53,48261.227,C,active,67.165825,4.0
64,41925.07,B,active,52.562984,2.0
45,47293.062,C,active,53.863663,4.0
66,51846.535,A,active,60.589386,4.0
61,57329.707,C,active,57.316578,2.0
62,52220.668,B,pending,41.72784,5.0
63,54529.3,B,active,53.42867,2.0
62,50108.2,D,active,51.81863,5.0
53,48360.1,D,active,58.37276,5.0
68,53692.66,D,active,53.096306,4.0
67,44802.5,D,pending,47.269814,4.0
71,46220.555,D,pending,51.47186,2.0
67,56520.406,A,inactive,31.598488,4.0
74,44187.375,D,active,54.355194,2.0
68,50587.926,C,pending,72.128845,2.0
65,53544.145,A,pending,65.67368,3.0
60,52945.688,C,inactive,51.573177,5.0
57,47259.25,C,active,65.06126,4.0
68,56995.383,D,active,48.822414,3.0
62,51518.2,B,active,42.59871,4.0
59,54944.074,B,active,48.683582,2.0
67,48968.15,A,active,61.99358,2.0
60,47947.81,A,active,40.16047,2.0
66,51244.46,D,active,48.313793,3.0
53,45968.63,D,pending,66.008316,3.0
55,40744.55,C,pending,65.54207,4.0
70,43904.91,D,pending,58.290665,4.0
59,47904.54,A,active,42.15859,4.0
52,42660.203,C,pending,49.96009,2.0
66,51703.9,A,active,46.52758,3.0
73,47234.297,A,active,55.755035,2.0
55,48528.754,D,pending,64.18291,3.0
57,41692.242,D,active,38.925526,3.0
39,51727.688,A,active,57.470467,4.0
52,48297.062,C,active,65.86884,2.0
47,50655.6,C,active,45.366814,4.0
54,47519.0,A,active,58.988537,3.0
65,53100.715,D,active,59.505264,3.0
62,53712.63,A,active,68.56344,1.0
70,49862.77,D,pending,42.339024,4.0
65,49626.0,D,pending,53.579597,2.0
62,49619.52,D,active,61.19331,3.0
56,45366.39,C,active,57.07642,3.0
59,45565.125,C,active,65.40893,4.0
57,52637.758,C,active,62.583935,2.0
59,48300.36,D,pending,62.343685,2.0
70,52542.105,D,active,52.58369,2.0
69,46599.156,A,active,56.64089,2.0
69,52600.652,D,pending,66.87973,3.0
66,52207.0,D,active,53.494194,4.0
61,50241.973,C,active,64.31537,4.0
68,50631.902,A,active,57.661533,3.0
64,41638.21,C,active,59.20226,5.0
68,48771.5,D,active,56.488705,2.0
59,45230.707,C,active,56.534977,4.0
68,42936.434,A,active,62.606922,4.0
55,56905.21,A,pending,32.130047,4.0
66,48971.383,C,active,57.00622,4.0
67,59504.11,B,active,52.76216,2.0
66,48098.707,C,active,67.52842,3.0
67,56156.03,D,active,59.240055,2.0
63,44465.195,C,active,67.482315,2.0
65,43478.117,C,active,56.61338,3.0
50,40210.53,A,active,41.29201,2.0
49,42941.95,C,active,55.948975,4.0
62,51085.64,A,active,65.18658,3.0
69,51887.508,D,active,60.789127,4.0
71,49374.44,D,active,56.578686,2.0
68,57605.477,D,pending,58.595955,5.0
58,47825.89,B,pending,54.649582,4.0
55,46831.97,D,pending,54.170147,4.0
58,48632.254,D,active,63.56825,5.0
61,48287.652,D,pending,58.89882,4.0
62,47700.2,D,active,52.07316,4.0
62,49076.355,A,active,58.987095,2.0
57,49954.227,C,active,41.705578,4.0
68,48825.06,C,active,53.514797,2.0
46,40778.57,C,active,47.626255,4.0
59,53597.7,D,active,45.61585,5.0
67,50814.137,C,active,58.867672,2.0
68,43278.438,D,active,54.853462,2.0
58,48258.89,A,pending,55.063126,2.0
66,40938.5,B,active,40.08519,4.0
63,41987.83,D,active,69.59893,2.0
66,56057.56,B,active,58.487755,4.0
74,48264.55,A,active,46.131214,3.0
67,44113.66,C,active,60.166607,3.0
60,41808.26,D,active,69.876625,5.0
63,44925.91,A,active,58.754196,2.0
63,49159.574,C,active,69.06338,4.0
69,46015.527,C,active,70.25233,2.0
60,52298.066,D,active,53.46343,4.0
59,49337.344,B,active,49.70444,3.0
66,47646.0,A,active,50.415466,2.0
69,46027.766,A,active,47.057816,3.0
52,51578.117,B,pending,59.31057,3.0
52,55016.914,C,pending,54.686176,4.0
62,41326.453,C,active,73.280685,4.0
64,42444.008,A,active,46.467545,2.0
67,50215.266,C,active,61.77908,4.0
61,47570.934,C,active,49.02307,2.0
68,54478.293,A,active,49.41766,3.0
61,50938.445,A,pending,69.93832,4.0
65,40388.047,D,active,59.8942,5.0
63,50637.94,D,pending,60.81637,4.0
62,44712.867,B,active,53.38711,2.0
57,54734.453,C,pending,47.491104,3.0
53,60149.53,C,active,68.10264,4.0
51,43782.152,A,active,58.53168,3.0
56,43420.84,C,pending,44.36419,2.0
73,43449.008,D,active,46.991463,2.0
65,45621.676,A,pending,47.511017,3.0
55,42686.715,D,pending,59.259644,4.0
65,46766.504,C,active,60.305622,4.0
64,51519.277,C,active,68.23581,3.0
63,46902.46,A,active,53.88202,3.0
67,42793.098,A,active,55.94336,2.0
57,50453.156,A,active,52.786243,3.0
69,50022.062,C,active,57.20319,3.0
73,41528.906,D,pending,55.94119,4.0
68,47263.742,D,active,62.26535,4.0
64,43286.63,D,active,53.138046,2.0
66,52277.574,B,active,51.67472,2.0
61,49379.76,A,active,62.11883,4.0
54,56664.7,D,active,36.591393,4.0
68,44650.867,C,pending,67.89649,4.0
55,46278.66,A,active,43.911404,2.0
72,41572.16,C,active,45.798164,4.0
59,44180.918,D,active,48.8434,4.0
60,49895.266,A,pending,67.425575,4.0
68,52561.914,D,active,49.187218,3.0
69,54964.848,D,active,52.639862,4.0
62,52047.137,C,pending,69.08873,3.0
68,59871.887,A,active,45.616642,4.0
75,44625.086,A,active,52.961597,2.0
67,53082.902,C,pending,57.737522,4.0
57,56774.223,C,active,48.975567,4.0
69,39693.004,A,active,46.377388,4.0
56,50221.758,D,pending,64.37013,4.0
67,45134.25,B,active,45.232563,2.0
76,48616.56,D,active,71.026535,5.0
63,47690.344,D,pending,59.546715,4.0
66,49542.91,A,active,46.82754,2.0
57,47505.29,C,active,63.06536,5.0
62,44472.6,C,active,63.63647,4.0
58,51418.973,D,active,56.595566,1.0
61,46792.766,D,active,50.438885,4.0
61,57651.09,B,inactive,50.946297,3.0
61,48856.86,A,active,53.113075,2.0
59,46903.445,B,active,57.26939,4.0
61,43656.477,D,pending,66.87666,3.0
68,54062.49,D,pending,53.058746,4.0
51,45855.816,A,active,59.903988,3.0
60,43492.324,A,active,60.23937,2.0
66,51685.152,D,active,75.32909,2.0
61,49935.45,D,active,59.26266,4.0
66,48696.07,D,active,37.819935,2.0
58,57265.582,C,pending,57.458103,4.0
67,49036.42,D,active,63.28837,2.0
66,45176.59,C,pending,63.364273,2.0
63,49205.254,C,active,65.63842,5.0
57,46932.957,A,active,59.620697,3.0
55,41478.375,D,pending,64.10037,4.0
67,48067.11,C,active,65.92581,4.0
60,56853.633,A,active,50.96621,4.0
50,46363.098,D,active,53.851715,1.0
61,40877.52,B,active,56.536903,2.0
57,54557.43,D,active,62.054356,4.0
60,47278.21,D,active,59.422234,2.0
65,45505.375,C,active,62.69214,4.0
64,51608.58,C,active,52.951782,2.0
67,51823.574,A,pending,52.965206,4.0
67,42072.85,A,active,49.247547,4.0
67,54594.332,B,active,52.808334,2.0
61,44295.64,C,active,66.57927,4.0
62,46086.82,D,pending,49.09961,2.0
58,42465.918,C,active,53.99577,3.0
47,47491.78,C,active,69.902405,4.0
71,40728.79,D,pending,37.546257,4.0
56,60394.96,B,pending,36.74787,3.0
52,60550.562,B,inactive,42.758793,2.0
70,59205.13,D,pending,49.213356,3.0
65,48034.16,C,active,44.108696,2.0
63,47819.457,A,active,49.903603,3.0
58,48360.7,C,active,58.704533,4.0
61,40942.293,D,active,55.25218,4.0
54,46405.305,C,active,69.08748,4.0
63,49571.934,A,active,47.002308,2.0
65,43596.86,D,active,59.501297,4.0
70,48189.445,A,active,56.190083,4.0
73,56290.13,A,pending,32.252953,4.0
71,51378.746,D,pending,65.503105,2.0
68,53178.824,A,active,64.44986,3.0
53,59178.445,D,active,49.9009,4.0
57,56614.395,A,active,59.623745,2.0
66,45891.406,B,active,65.30405,4.0
70,49493.527,B,active,47.604385,2.0
61,48195.406,D,active,66.662895,4.0
71,57531.562,D,pending,57.814457,2.0
57,41089.78,D,pending,49.55474,4.0
62,52731.332,D,active,54.742294,4.0
60,49431.28,C,active,46.20377,4.0
70,48503.71,D,active,37.118015,4.0
60,51822.203,A,active,53.45442,4.0
64,43759.664,A,active,63.688778,2.0
68,50855.55,C,active,66.57725,3.0
71,47199.28,C,active,60.475418,4.0
42,49211.797,B,active,35.938385,2.0
70,56944.188,D,inactive,68.64309,4.0
74,37415.45,D,active,40.2047,2.0
46,48787.027,C,active,56.047535,2.0
49,49687.902,A,active,59.661232,4.0
53,41355.664,D,active,46.58425,4.0
54,52492.88,C,active,49.24926,4.0
50,49141.22,A,pending,53.86416,2.0
70,47327.145,C,active,65.59176,4.0
66,47959.395,C,pending,59.400295,4.0
66,44178.844,B,active,47.672333,4.0
68,45706.227,A,active,59.45056,2.0
62,43620.934,D,active,58.57737,3.0
55,50850.727,C,active,57.296513,4.0
62,45965.03,A,inactive,48.42087,4.0
65,44968.035,C,active,64.81717,2.0
70,37405.316,D,active,40.97142,4.0
59,50467.31,D,pending,49.271492,4.0
58,45136.312,D,active,51.06846,5.0
59,51642.016,B,active,49.22833,4.0
66,44610.902,D,active,49.29651,4.0
67,47988.867,B,active,55.348766,2.0
63,56711.676,D,pending,54.801575,2.0
57,51962.715,A,active,50.48171,4.0
48,45253.332,C,pending,46.579967,2.0
59,48739.645,A,pending,52.183083,2.0
62,50960.09,C,inactive,47.70977,4.0
70,44673.04,C,active,58.899563,2.0
64,41562.508,C,active,72.35443,3.0
64,41587.38,D,pending,55.401108,3.0
59,53744.37,D,pending,56.346027,3.0
61,47378.617,D,pending,70.36014,3.0
55,44955.953,D,active,66.79908,2.0
57,52291.152,C,active,58.45139,4.0
66,52532.684,A,pending,63.969933,3.0
64,50322.465,A,active,52.798893,4.0
63,51437.88,B,active,54.27082,2.0
61,56714.24,A,active,47.590916,4.0
65,46664.82,A,active,60.81005,3.0
53,48267.887,C,active,50.739296,2.0
59,51301.02,D,active,59.536835,3.0
66,48185.094,A,active,57.605133,3.0
62,43667.1,B,pending,54.107754,2.0
61,53467.07,A,pending,69.267624,2.0
60,46957.58,C,active,45.487415,2.0
71,53736.117,D,active,41.40705,2.0
73,55387.996,D,active,54.88794,2.0
66,57205.812,D,pending,71.19416,4.0
64,48594.934,D,pending,51.039173,4.0
65,60179.668,A,active,58.081615,1.0
56,51851.926,D,inactive,66.99114,3.0
70,52321.547,C,inactive,68.62458,3.0
70,39640.953,C,active,44.94945,4.0
56,54250.63,B,active,63.972622,5.0
57,51795.418,A,active,58.12445,4.0
54,52057.387,D,active,59.75577,4.0
60,57016.164,A,active,66.81415,2.0
69,42194.38,D,active,37.385143,2.0
59,48057.363,D,active,62.507362,4.0
71,51458.71,A,active,40.396168,5.0
68,43695.414,D,active,51.550476,4.0
67,41038.414,C,active,45.683357,3.0
54,50521.24,C,pending,49.69702,4.0
56,44660.207,D,pending,56.62413,3.0
67,48940.22,D,active,50.70082,3.0
64,43140.1,C,pending,47.394306,4.0
66,44858.555,B,active,72.559814,3.0
56,45680.137,B,pending,58.364372,4.0
57,51787.78,C,active,65.70876,4.0
73,51763.598,D,pending,64.84046,2.0
59,48837.508,D,active,70.555084,4.0
58,60059.156,A,active,54.129765,3.0
65,44584.914,A,active,50.339146,2.0
72,53956.89,C,active,65.70537,2.0
66,42144.676,C,active,53.052666,3.0
71,53652.32,D,pending,55.779907,2.0
65,47523.926,D,active,61.633923,2.0
64,57262.406,C,pending,65.12307,4.0
66,49225.348,C,pending,68.30262,2.0
51,41002.723,A,active,66.99218,4.0
68,54791.848,D,active,46.874763,4.0
63,49970.344,C,pending,54.10447,2.0
57,42557.426,D,active,63.159008,2.0
58,51432.344,B,active,49.1635,2.0
71,49229.19,C,pending,56.4101,3.0
69,46195.16,B,active,40.735638,2.0
44,51082.754,C,active,41.39934,2.0
60,53483.598,D,active,51.706314,2.0
41,51473.88,B,pending,48.08216,2.0
62,50360.062,A,active,59.307655,4.0
70,52663.316,B,active,40.603535,2.0
66,55714.117,D,pending,57.222935,4.0
50,60102.29,B,inactive,33.152466,2.0
61,46521.13,C,active,53.9266,4.0
61,52302.73,D,active,55.69914,2.0
51,49201.742,C,active,66.874954,3.0
63,45945.312,B,active,62.823254,3.0
69,50357.836,D,active,61.592815,4.0
67,48150.953,B,active,61.989265,5.0
68,46791.895,D,pending,40.534847,3.0
63,47347.746,D,active,63.27776,2.0
57,45582.52,C,pending,57.825455,4.0
54,43974.895,A,active,49.871838,4.0
56,49832.316,D,pending,66.42615,3.0
62,48888.9,C,active,45.397697,3.0
57,53130.363,B,active,48.77675,4.0
64,53813.418,D,inactive,57.861065,5.0
65,38759.8,C,active,52.751507,4.0
57,47772.082,C,pending,60.155945,2.0
65,54423.816,B,pending,41.343166,4.0
63,52876.465,A,active,61.11382,4.0
48,48039.17,D,active,54.733303,2.0
65,57242.13,D,active,41.340168,4.0
56,51385.594,D,active,55.480083,5.0
65,57030.0,A,pending,36.02147,4.0
71,44028.633,A,pending,49.82733,4.0
54,47103.375,B,active,55.171913,4.0
64,42146.617,A,pending,54.45895,2.0
64,47704.99,D,active,66.962036,2.0
68,46119.94,C,inactive,42.957672,2.0
68,54669.24,D,inactive,52.380413,2.0
67,57926.906,D,active,35.614285,4.0
58,46384.676,B,pending,57.15831,2.0
53,44537.832,C,active,58.844006,5.0
71,43401.305,C,active,67.03489,2.0
61,46145.82,C,active,66.466545,4.0
70,48724.906,D,pending,46.52059,4.0
66,50098.055,D,pending,67.9972,1.0
63,56079.645,C,active,67.835556,4.0
50,46413.2,C,pending,64.49405,3.0
69,53964.773,D,active,48.308395,4.0
49,48354.04,A,active,58.76869,4.0
67,50169.29,D,active,42.177784,3.0
58,49413.246,C,active,57.45692,2.0
64,40497.22,B,active,50.678562,2.0
57,48339.93,A,pending,38.64934,2.0
70,48033.05,D,pending,54.384224,3.0
70,44808.46,D,pending,73.16307,3.0
56,46037.74,D,active,54.817696,4.0
72,50024.664,D,active,53.679157,4.0
71,55270.703,C,active,66.6524,3.0
71,48619.27,A,active,55.385574,5.0
66,51905.645,D,pending,60.461037,3.0
61,40922.574,A,active,58.47427,2.0
62,53510.117,A,active,61.806904,2.0
59,62111.23,C,inactive,45.6158,4.0
64,40470.8,C,active,44.232224,4.0
54,48921.887,C,active,53.532406,4.0
46,41715.477,B,inactive,51.739132,2.0
53,46260.61,D,active,69.39097,4.0
71,53963.527,D,active,62.799545,4.0
68,56977.918,A,active,43.986786,4.0
59,53945.62,A,active,47.094254,2.0
70,44781.008,B,pending,57.964634,5.0
65,46023.48,C,active,69.199165,4.0
61,50795.266,C,active,64.78572,2.0
62,42647.652,D,pending,58.151237,2.0
59,59932.207,C,active,55.176064,4.0
53,53917.008,C,active,60.08237,5.0
59,43939.438,A,inactive,64.48152,4.0
56,51136.32,B,inactive,46.550236,2.0
65,48353.13,C,active,56.755333,4.0
64,52783.367,D,active,54.733322,3.0
73,50031.22,A,active,41.786167,2.0
39,51477.496,C,pending,59.182796,5.0
59,45482.25,A,active,43.92415,2.0
55,60276.645,C,active,66.87964,4.0
70,50274.684,A,pending,48.6564,2.0
68,53421.574,A,active,61.41511,2.0
68,56274.465,A,active,61.571617,2.0
53,46363.71,D,pending,57.133904,4.0
75,50216.44,A,active,64.758385,2.0
69,52695.77,D,pending,54.75028,3.0
65,43982.516,D,active,61.330254,4.0
64,42681.984,A,active,59.58159,2.0
61,45277.0,B,active,57.167564,2.0
64,54962.83,B,active,35.68275,3.0
61,41104.246,A,active,48.942078,2.0
66,48037.113,B,inactive,41.53759,4.0
63,52418.973,D,pending,58.63501,3.0
69,48800.277,D,active,44.87584,2.0
69,52893.945,D,active,47.080666,3.0
62,48083.855,B,active,58.74383,2.0
60,51661.633,A,active,43.332428,2.0
58,40446.555,C,inactive,67.71388,2.0
65,54177.387,D,active,43.481285,3.0
64,49970.715,C,active,67.85902,4.0
59,46488.504,D,pending,56.671413,5.0
70,48480.742,D,active,49.357895,4.0
58,51853.938,A,pending,60.692535,4.0
65,53111.215,B,active,51.3711,5.0
67,52600.75,A,active,62.09262,1.0
66,56067.99,A,active,60.878418,3.0
68,40157.797,C,active,62.33036,2.0
49,44896.39,D,active,60.855053,5.0
61,39906.152,D,pending,43.020878,3.0
55,47191.234,C,active,55.364407,2.0
40,50980.285,C,active,46.563087,3.0
54,50307.402,C,active,66.81309,2.0
62,47426.87,D,pending,43.14332,3.0
68,42358.04,C,pending,53.025146,3.0
39,48313.918,C,pending,55.66394,4.0
71,47980.75,D,active,43.692055,2.0
64,53395.984,D,pending,50.337555,4.0
60,48519.18,D,inactive,47.938507,2.0
62,48058.977,A,pending,61.81984,2.0
63,42291.582,D,active,48.26651,4.0
68,63716.543,A,active,47.560085,4.0
68,54298.805,D,active,44.70997,4.0
74,53685.83,C,active,50.219303,4.0
57,47045.2,D,pending,53.77756,4.0
61,51015.066,A,active,41.626316,5.0
68,46546.63,D,active,60.609898,3.0
71,43313.94,D,active,57.59515,2.0
62,51384.582,C,pending,60.48011,4.0
64,45568.223,C,pending,59.923435,3.0
71,49155.59,A,pending,32.04527,2.0
67,54039.21,C,pending,40.139744,3.0
60,44792.074,C,active,68.645355,5.0
63,39761.816,D,active,48.912075,4.0
67,57430.35,D,active,63.584087,3.0
59,39501.78,A,active,67.275246,2.0
65,51559.31,A,active,43.03688,2.0
61,54562.62,A,active,67.1935,2.0
62,51464.21,A,active,48.675945,2.0
56,45058.117,A,active,60.582417,2.0
66,54619.855,A,active,33.436455,4.0
58,46323.36,C,pending,63.39453,4.0
64,52914.215,D,active,56.70338,4.0
61,53547.4,C,active,55.32106,5.0
66,47463.543,A,active,49.53424,2.0
66,50364.562,A,active,68.51684,2.0
63,56225.906,D,active,66.29434,4.0
73,55333.332,D,pending,49.413845,3.0
60,52730.32,C,active,59.723022,5.0
59,52691.707,B,active,32.95201,3.0
63,55927.43,D,pending,46.975384,4.0
70,50932.727,D,active,38.754936,2.0
52,42322.71,D,active,57.910404,4.0
67,46715.402,C,active,35.940994,2.0
66,57917.906,D,inactive,55.385445,3.0
61,51692.695,A,active,52.235737,3.0
65,51443.703,D,active,49.823524,5.0
65,52901.37,D,pending,60.804214,2.0
58,47649.406,D,active,43.430676,4.0
73,44942.457,C,pending,56.37525,4.0
57,56209.86,A,active,54.04047,1.0
67,48484.195,C,active,57.268547,3.0
65,50685.47,D,active,54.907543,3.0
71,39533.75,A,active,55.187965,2.0
70,46755.195,C,active,63.156902,4.0
61,48044.973,D,active,62.210583,4.0
68,54713.562,B,active,57.65877,4.0
62,62936.617,D,pending,53.280815,4.0
56,51643.824,A,active,45.93913,5.0
69,51030.566,C,active,58.79048,1.0
71,61698.793,D,active,70.353165,4.0
59,48646.08,A,active,36.20336,2.0
68,49413.617,C,active,60.53003,4.0
66,49333.195,A,active,54.66608,4.0
57,47136.74,D,active,58.5898,4.0
63,51174.926,B,active,45.90608,2.0
63,55796.93,A,active,58.020954,2.0
67,55091.957,D,active,47.381245,2.0
66,47503.414,D,active,38.26419,4.0
71,45699.168,D,active,64.71771,4.0
58,43140.7,D,pending,60.215057,5.0
58,55643.98,C,active,50.51681,3.0
64,53267.23,D,active,66.19199,4.0
66,52533.03,C,active,55.50971,3.0
49,48689.38,C,active,60.792107,2.0
66,53390.082,D,active,53.373943,2.0
67,53774.113,C,pending,73.58125,2.0
70,47422.438,A,active,39.221134,2.0
58,50647.45,A,pending,43.557777,2.0
70,50455.758,A,active,41.209904,4.0
67,39032.777,A,active,41.108223,2.0
66,52671.26,C,pending,68.909485,2.0
66,51855.445,B,pending,49.498257,4.0
62,57267.51,A,pending,58.3835,4.0
53,50117.574,C,active,52.44976,2.0
58,43218.477,D,active,61.494858,5.0
68,45043.016,C,active,64.76828,5.0
55,54584.715,C,pending,55.216137,4.0
57,49441.8,D,active,62.09058,4.0
68,50460.402,A,pending,46.936516,3.0
75,41750.492,D,inactive,44.940434,2.0
64,56763.766,B,active,44.570007,2.0
66,56824.375,D,active,74.12281,4.0
68,44243.62,C,active,73.61652,3.0
65,44336.605,B,active,38.474358,2.0
56,44530.0,C,active,50.977177,2.0
66,48894.293,C,active,43.87731,4.0
68,46000.637,A,active,41.59376,3.0
63,53501.12,B,active,45.131214,4.0
54,44453.598,A,active,41.382378,3.0
72,48511.04,D,active,62.76359,4.0
63,47423.13,D,active,40.34413,4.0
68,48463.715,A,pending,60.92153,4.0
71,47498.066,A,active,59.773033,2.0
60,50248.63,C,pending,58.00324,4.0
59,53309.496,C,active,61.547607,3.0
67,55358.605,B,pending,39.86501,3.0
54,50180.742,D,active,57.07314,4.0
59,48591.58,D,pending,54.68877,2.0
70,51288.863,B,active,56.83691,2.0
58,51599.453,C,active,45.67043,2.0
52,47078.527,C,pending,53.177364,5.0
63,45361.02,B,active,34.904057,2.0
68,49502.273,D,pending,62.9688,5.0
69,53362.258,A,pending,59.382774,4.0
68,49559.695,A,active,52.303226,4.0
59,52914.51,C,active,53.032368,3.0
61,46178.35,D,active,52.313362,4.0
66,42230.49,C,active,52.538322,4.0
65,54021.04,A,active,44.15379,2.0
62,44726.043,A,active,52.05882,2.0
55,59482.5,A,active,44.778347,2.0
65,42255.355,D,active,50.79724,2.0
59,51294.34,D,active,41.157444,4.0
68,52306.816,D,active,71.66972,5.0
63,49228.957,A,active,49.225906,2.0
61,42877.883,A,pending,60.346256,3.0
65,55251.887,D,inactive,49.8346,4.0
71,51321.9,A,active,49.000904,2.0
58,47721.39,C,active,47.73062,2.0
66,42082.914,B,active,53.12387,2.0
66,43792.28,C,active,52.98043,4.0
62,47870.1,C,active,47.717598,3.0
65,40634.832,C,pending,52.621933,2.0
72,55703.613,D,active,57.615593,2.0
59,52451.027,A,active,61.906445,3.0
49,54107.113,D,active,51.38959,5.0
64,42996.01,C,active,72.07743,3.0
54,49577.37,D,active,55.814938,4.0
70,56673.332,C,active,72.275955,2.0
66,52500.406,B,active,50.384514,2.0
47,54349.52,D,pending,68.94454,4.0
70,44098.992,B,pending,52.04131,4.0
58,53750.6,C,active,62.845512,2.0
66,40774.46,C,pending,56.864384,2.0
60,47482.957,C,pending,54.006145,4.0
64,46047.438,C,pending,51.04419,4.0
69,43904.324,C,pending,55.1987,2.0
57,45117.527,C,pending,62.336475,2.0
47,48472.625,D,pending,56.304012,5.0
68,45625.72,D,pending,54.042004,4.0
68,41655.832,D,pending,58.237446,4.0
55,48018.348,D,active,65.244064,4.0
62,56043.63,A,active,56.05274,3.0
57,56413.035,A,pending,37.88528,2.0
67,52697.035,D,active,62.637627,3.0
70,48893.184,B,active,45.325974,5.0
73,59149.438,C,pending,67.39857,4.0
72,42876.23,D,pending,68.742935,2.0
59,49471.65,D,active,62.975365,5.0
53,54583.594,A,active,51.911087,2.0
60,41968.734,D,pending,52.353756,4.0
72,47756.37,D,pending,62.683292,2.0
67,45447.668,C,active,59.05896,2.0
68,41038.355,D,active,57.93711,2.0
67,52377.562,A,active,48.57425,3.0
55,49003.33,C,pending,53.48667,4.0
59,41383.766,A,pending,57.411736,3.0
69,46562.055,A,pending,51.653477,1.0
65,58786.484,D,active,65.41804,4.0
45,48868.6,B,active,54.563416,4.0
63,57333.496,B,active,34.714252,2.0
54,57227.367,A,active,56.897293,4.0
67,44701.918,C,pending,51.541298,2.0
65,50089.27,C,active,42.454098,2.0
53,45678.02,C,active,59.38651,3.0
65,52880.195,D,pending,54.75899,5.0
55,51434.367,D,active,63.21046,4.0
63,43816.555,A,pending,63.936058,2.0
60,55163.223,D,active,61.75255,4.0
63,54138.777,D,pending,67.293785,4.0
59,44867.527,A,active,46.470734,4.0
64,57151.04,B,active,39.568523,3.0
64,44891.445,D,active,58.156982,3.0
47,43869.87,B,active,43.40031,3.0
64,49742.387,D,active,56.723522,3.0
60,48369.39,C,active,63.75862,4.0
73,45166.473,D,pending,57.766792,2.0
54,47687.723,C,inactive,52.04641,2.0
64,44280.1,D,active,50.59058,3.0
72,42550.496,D,active,68.98396,4.0
54,48233.316,D,inactive,50.669193,2.0
66,51857.66,B,inactive,48.4394,2.0
69,57961.37,A,active,55.294865,5.0
65,61190.285,C,active,55.814648,2.0
64,43368.406,D,active,48.24887,4.0
55,50197.773,C,active,66.76544,2.0
56,45981.023,C,active,57.791553,2.0
53,44713.11,C,pending,61.42324,2.0
55,54940.777,D,active,45.276566,2.0
62,47502.973,C,active,56.486443,4.0
68,47514.58,D,active,57.27081,2.0
68,49874.008,A,active,43.71835,2.0
39,46641.426,A,active,46.78741,4.0
64,46292.832,D,pending,42.841225,4.0
49,42642.676,C,pending,43.995903,4.0
75,59101.867,D,active,68.79978,1.0
53,51600.168,D,active,45.63198,3.0
60,49282.63,C,active,62.93844,1.0
62,41300.72,C,active,63.007996,4.0
58,41957.387,D,pending,49.926666,3.0
64,47007.58,D,active,48.321133,2.0
72,51117.258,A,active,54.752674,4.0
64,50724.668,D,pending,45.34955,4.0
63,49146.902,D,active,68.155304,4.0
67,60996.477,D,active,60.900726,4.0
75,50044.008,D,active,37.182724,3.0
54,57362.188,D,inactive,57.171295,4.0
60,49475.043,C,active,66.4914,3.0
72,44286.41,D,pending,59.852005,4.0
55,51710.81,B,pending,54.358955,4.0
64,51025.81,B,active,64.19579,4.0
67,52575.957,D,active,65.33498,4.0
66,38691.516,B,active,46.54705,2.0
69,43410.312,D,active,57.629772,4.0
64,47072.836,C,active,60.671703,4.0
65,53058.434,C,active,66.40898,5.0
68,50983.125,A,active,38.4108,4.0
52,44297.254,A,active,59.682358,5.0
57,48841.87,C,inactive,70.49856,4.0
62,54634.55,D,pending,57.746704,4.0
66,47512.72,D,pending,54.09229,2.0
67,52843.86,C,active,70.57247,4.0
67,47559.582,B,active,52.86449,4.0
56,43383.734,A,active,47.90014,4.0
75,46918.676,C,inactive,41.406704,4.0
72,54175.277,D,inactive,64.67233,4.0
63,43201.7,D,active,57.653973,3.0
58,55136.984,D,active,46.863983,3.0
64,50849.977,C,active,57.3031,2.0
65,49114.91,A,active,64.15272,3.0
56,42035.258,A,active,51.49067,3.0
59,44658.887,D,active,64.49094,2.0
55,49729.99,C,active,58.115223,4.0
66,58200.492,D,active,50.9148,3.0
71,54628.805,D,pending,59.12511,4.0
57,56772.066,A,active,57.98725,3.0
68,46626.34,D,pending,40.473118,2.0
61,49636.688,A,active,50.64055,2.0
65,50873.055,C,pending,60.510544,5.0
70,50196.08,A,active,52.576042,2.0
63,50209.934,A,active,47.17616,3.0
66,49924.09,D,active,48.751938,4.0
66,43445.703,D,inactive,55.494194,2.0
62,47076.188,D,active,46.211773,5.0
72,48033.723,D,active,62.204,2.0
62,49242.84,A,pending,60.943134,4.0
56,50060.36,D,active,52.05609,5.0
64,44770.36,D,active,50.14692,4.0
58,47007.67,C,active,51.08426,2.0
66,56598.633,A,active,50.39461,1.0
53,45209.785,C,pending,69.19791,3.0
66,58615.484,D,active,56.045597,4.0
63,59132.773,D,active,40.170036,4.0
60,45941.324,A,pending,48.908424,2.0
69,56013.605,C,pending,74.468285,4.0
63,52785.027,C,active,47.110012,5.0
61,51939.695,C,active,65.13181,4.0
69,54161.23,C,active,58.29441,2.0
70,59723.69,D,active,59.44067,4.0
68,49812.04,D,active,42.225178,3.0
68,50531.355,C,active,53.005764,4.0
67,53841.29,C,active,65.596924,2.0
63,59838.242,A,active,66.740845,4.0
65,44046.76,C,pending,57.739204,4.0
74,49203.543,C,active,72.65625,4.0
60,51827.164,B,inactive,58.097965,3.0
47,53811.785,C,active,66.48801,1.0
60,50796.72,A,pending,48.259937,4.0
66,43487.316,D,pending,30.697212,2.0
61,42799.055,D,active,58.690052,4.0
63,52156.438,D,active,59.607147,2.0
76,45944.176,A,inactive,55.99587,2.0
66,48514.37,A,active,47.189587,3.0
65,51496.504,D,inactive,47.30754,4.0
70,49724.4,C,active,56.168488,2.0
63,43760.137,D,active,62.75281,4.0
66,54082.137,D,active,34.464237,3.0
64,41848.23,A,active,47.492783,2.0
56,48446.992,A,active,67.02455,4.0
70,56222.71,A,active,32.94771,3.0
54,49121.734,C,active,61.63026,5.0
69,42115.367,D,active,48.117012,2.0
66,51858.62,C,active,46.492615,5.0
68,53504.863,B,inactive,52.144474,2.0
66,45918.12,A,active,37.131237,2.0
62,50875.04,B,active,38.93748,2.0
66,46074.906,D,active,58.359745,4.0
63,44477.0,D,pending,55.358326,4.0
70,48729.074,C,pending,62.836292,3.0
67,48745.516,C,active,68.871216,2.0
68,44961.695,D,active,46.0748,4.0
61,50172.67,A,active,44.5236,2.0
60,53219.453,C,pending,63.951916,2.0
70,43859.758,B,active,54.245625,2.0
55,49270.45,A,pending,40.59863,4.0
63,44448.395,B,active,45.1762,5.0
67,50474.97,D,active,44.22173,4.0
68,44800.473,D,active,65.089386,2.0
64,45143.42,C,pending,51.62611,4.0
63,45331.285,B,active,50.40772,4.0
59,47632.05,D,active,50.80352,4.0
66,42795.508,D,pending,51.97073,2.0
58,52677.605,D,pending,51.583492,4.0
64,46600.277,D,active,48.400238,2.0
68,53772.266,B,pending,44.750988,2.0
71,44862.062,D,active,54.844193,2.0
54,47940.35,A,active,48.9253,1.0
69,41205.17,D,pending,66.18739,2.0
58,42030.867,D,pending,45.823143,2.0
62,48323.453,D,active,43.04782,4.0
56,40574.613,C,pending,59.724876,3.0
69,38251.33,D,active,46.70187,2.0
62,42507.67,D,pending,62.415504,5.0
60,49599.18,A,pending,50.74369,4.0
65,46121.66,B,pending,51.18592,2.0
67,50694.17,D,active,69.38018,2.0
67,56478.66,D,active,41.15762,5.0
64,49987.1,D,pending,63.73118,4.0
70,51707.945,B,pending,56.222755,2.0
74,44517.93,A,active,53.39187,4.0
56,46532.176,C,active,59.541977,4.0
67,38743.727,A,active,42.35569,3.0
67,47415.297,B,inactive,47.94094,2.0
67,50339.535,D,pending,44.102413,4.0
56,53767.64,D,active,69.310104,5.0
57,48811.93,D,active,47.24337,4.0
68,49941.85,D,active,52.03587,4.0
67,44386.836,D,active,59.97615,2.0
66,47685.844,C,pending,57.10623,2.0
67,58359.508,A,pending,52.472458,2.0
50,52454.395,D,active,64.44914,3.0
70,48359.77,C,active,57.88883,2.0
68,48291.88,A,active,47.954895,2.0
64,42629.27,A,active,70.986565,1.0
62,48889.043,C,active,58.143044,4.0
68,47701.965,B,active,54.045654,2.0
64,48065.21,C,active,49.827488,4.0
69,55494.28,D,pending,64.00737,4.0
65,53265.625,C,pending,67.18196,3.0
72,56822.664,D,pending,62.383263,3.0
68,49678.992,D,active,61.0548,2.0
71,55339.22,D,pending,50.58447,4.0
69,47373.51,C,pending,45.22703,4.0
68,50442.297,B,active,42.63789,2.0
61,48813.473,A,pending,32.080578,4.0
67,51307.26,D,active,52.222836,4.0
70,49277.867,B,active,50.31398,3.0
67,44736.055,C,active,67.23183,4.0
63,54157.543,D,active,55.953125,3.0
52,49694.902,C,pending,70.31839,2.0
65,53488.25,A,active,68.945694,2.0
66,41714.824,C,active,65.4824,3.0
63,48456.375,A,active,63.89793,2.0
73,49973.05,C,inactive,61.086193,2.0
57,50355.703,A,active,63.79606,2.0
71,46560.598,D,active,44.044052,4.0
61,51476.17,D,active,52.96566,2.0
55,44744.766,D,active,64.10679,5.0
66,43209.582,A,active,34.04269,2.0
68,54936.137,B,active,41.10235,2.0
69,45121.72,A,active,63.64687,4.0
74,54486.418,D,active,49.193874,2.0
71,52527.742,B,pending,74.215034,3.0
52,44037.45,C,active,54.57224,4.0
67,48211.395,A,active,50.11544,2.0
68,52023.387,A,active,62.91717,2.0
63,49302.406,D,active,52.888195,2.0
65,57296.01,A,pending,40.37329,5.0
64,51376.293,D,active,60.663055,3.0
69,40451.566,C,active,49.625496,2.0
58,41964.316,A,active,37.492535,4.0
62,53189.15,D,active,31.5636,3.0
63,48867.773,D,pending,37.865288,4.0
62,56971.527,C,pending,61.966824,4.0
60,45069.21,A,active,57.120934,2.0
45,47840.43,D,pending,55.06932,4.0
71,47083.703,D,active,44.781498,2.0
73,53540.97,A,active,56.789726,4.0
63,52520.33,D,active,64.48571,2.0
60,49072.645,D,inactive,65.67711,4.0
70,50890.18,A,active,39.044575,1.0
65,55519.438,B,active,59.793396,3.0
67,48393.402,D,active,66.52305,5.0
63,45627.184,D,active,39.11705,2.0
65,44038.145,D,active,62.812405,3.0
63,51680.277,C,active,66.83462,4.0
62,48680.03,B,active,53.789642,2.0
62,56476.426,A,active,40.8429,2.0
67,56061.414,C,active,53.81943,5.0
60,45116.1,D,pending,44.869186,5.0
63,48743.496,B,inactive,51.078167,3.0
72,50478.12,D,active,41.317753,2.0
61,52996.684,C,active,59.00286,4.0
67,39973.53,A,active,60.026077,2.0
71,48969.508,C,active,76.898415,2.0
66,41663.715,D,pending,44.56123,2.0
60,55650.527,D,active,52.042355,2.0
63,52487.203,A,inactive,47.05167,3.0
71,43415.664,C,active,69.70883,4.0
66,44986.516,D,pending,50.19808,4.0
62,51396.84,D,active,56.096985,4.0
70,40662.53,B,active,58.966427,4.0
65,46885.637,D,active,47.287987,4.0
49,51176.31,C,pending,61.06188,2.0
69,45487.684,A,active,62.930996,2.0
63,52901.06,A,active,51.876377,4.0
47,48595.22,A,pending,61.587227,2.0
62,50813.305,C,active,53.33423,4.0
57,56677.246,C,active,65.658424,2.0
61,41538.62,A,active,47.89193,2.0
55,53082.22,B,active,56.022633,2.0
71,51903.797,A,active,54.479145,3.0
67,48159.594,C,pending,55.892742,4.0
59,52991.098,D,active,54.219345,4.0
71,51070.77,D,active,52.751328,3.0
70,45467.316,B,active,54.59083,2.0
69,45716.133,D,active,53.15205,4.0
70,58622.895,D,active,34.409607,3.0
63,54068.168,D,active,65.775635,3.0
56,39837.17,B,inactive,57.418938,4.0
66,48989.637,C,active,65.74753,3.0
62,44060.31,A,pending,55.51745,2.0
73,55989.16,C,active,60.406235,3.0
58,55878.156,C,active,61.018703,3.0
69,49921.766,D,active,60.64896,4.0
57,52540.535,D,pending,51.758747,4.0
58,53748.88,C,active,71.62948,2.0
68,49433.973,D,active,65.68772,3.0
57,47870.676,B,active,59.464104,4.0
58,56044.617,D,inactive,45.837345,4.0
65,51479.934,C,active,62.80816,2.0
61,48903.02,D,active,62.02887,3.0
56,56303.9,B,active,46.726837,3.0
59,52117.445,B,pending,65.145164,5.0
63,53109.477,A,pending,41.110996,2.0
49,48451.043,C,pending,50.503128,3.0
63,42701.258,D,active,47.89895,2.0
51,48293.99,C,pending,61.355427,4.0
68,55422.727,D,pending,53.73384,2.0
68,52704.164,A,active,45.262383,5.0
70,45066.95,A,pending,66.06631,2.0
68,43825.91,A,pending,55.73194,2.0
63,42057.125,A,active,57.481388,4.0
59,49956.89,B,active,55.292965,2.0
75,53170.85,D,pending,61.982155,3.0
65,48284.297,A,active,54.886566,2.0
62,55774.727,B,active,48.36686,4.0
60,58894.863,D,active,49.405243,4.0
59,47503.02,B,pending,53.215115,4.0
73,44727.914,C,pending,69.40581,2.0
71,59056.195,A,active,57.471645,4.0
54,45177.492,D,active,62.89404,3.0
51,53601.086,C,active,65.62375,3.0
56,42902.062,D,active,64.75041,3.0
64,53988.684,D,pending,40.24295,4.0
66,44754.16,D,active,65.94213,4.0
71,40218.35,B,active,53.069336,2.0
64,46333.934,C,active,56.736404,2.0
63,55247.438,A,pending,59.978794,2.0
52,45906.02,B,inactive,42.944668,3.0
74,48018.832,D,pending,52.92596,4.0
61,47427.016,B,active,64.44963,2.0
64,52145.715,A,active,65.42821,1.0
64,51200.867,D,active,41.199764,4.0
58,52412.297,A,active,51.473476,2.0
69,52668.28,D,active,58.820248,5.0
63,62471.703,D,pending,71.38138,4.0
65,46303.844,A,active,44.30583,2.0
72,46339.86,A,active,56.49264,2.0
55,54562.46,A,active,71.24543,1.0
63,45730.914,D,pending,49.255573,2.0
68,50092.824,D,active,57.919147,4.0
56,58174.06,D,active,43.918495,4.0
66,43170.12,D,pending,72.84986,2.0
48,46237.812,D,active,58.674816,2.0
59,44414.656,D,pending,55.498497,4.0
57,48159.566,C,pending,49.71767,4.0
63,45914.688,B,active,56.058586,5.0
59,50864.25,C,pending,49.492073,4.0
62,49499.438,C,pending,47.63644,4.0
62,43927.723,C,active,64.94464,3.0
61,48959.777,A,active,47.19375,4.0
66,43657.15,D,active,58.070442,3.0
69,38320.49,A,active,53.517017,2.0
71,49178.656,C,pending,68.51543,4.0
63,42832.375,A,pending,44.60034,4.0
66,48263.453,D,active,66.36595,2.0
69,50191.66,D,active,53.445717,3.0
64,48268.35,C,pending,70.14745,4.0
71,48139.812,C,pending,74.15173,3.0
64,42048.51,D,pending,48.85165,4.0
69,52388.03,C,active,65.22986,4.0
59,53505.484,A,active,51.31878,2.0
60,45663.89,D,pending,57.471214,4.0
66,43431.715,D,active,55.25646,4.0
52,51516.418,A,active,59.216564,4.0
68,56024.06,C,inactive,55.555042,3.0
62,44496.984,C,active,52.086605,2.0
55,44620.13,C,active,61.72132,2.0
59,52785.45,C,active,62.173534,5.0
59,57477.15,C,active,54.693954,4.0
67,53619.105,D,active,52.277386,4.0
63,41428.24,D,active,47.251537,5.0
64,40096.31,D,active,55.134563,2.0
64,51221.03,B,active,42.8012,4.0
66,50563.824,A,active,57.364296,3.0
76,54383.766,D,pending,63.96367,2.0
47,52493.375,C,pending,60.747528,4.0
65,55297.523,A,pending,60.315826,3.0
65,42865.11,C,active,64.37646,1.0
62,48494.32,D,pending,65.3835,4.0
49,44483.55,D,active,60.033913,3.0
66,57053.52,D,active,39.134155,3.0
59,47054.027,D,active,58.42381,3.0
69,42587.91,A,active,46.15536,2.0
72,40073.617,B,active,41.36433,2.0
55,50962.746,B,active,51.637108,3.0
72,49053.7,D,active,69.33761,5.0
53,52843.207,C,active,62.69487,2.0
58,46325.473,C,active,70.790085,2.0
73,45966.543,B,active,51.23545,2.0
65,53775.395,D,active,57.471996,4.0
66,46425.418,D,pending,59.607224,3.0
71,51277.137,A,active,56.577698,4.0
61,43343.03,D,active,63.008087,2.0
65,50312.484,D,pending,55.291985,4.0
60,47810.496,C,active,72.91733,2.0
65,50758.17,D,active,47.931423,2.0
61,47373.82,D,active,64.66068,2.0
67,38621.816,C,active,63.49443,2.0
63,44389.05,B,active,57.942814,3.0
65,46314.07,C,active,58.37795,3.0
59,49476.51,C,active,69.38563,3.0
65,50585.062,D,active,55.912567,3.0
63,53348.047,D,active,60.792866,2.0
69,45588.273,D,pending,46.72763,2.0
43,57633.863,D,pending,74.69075,5.0
52,48119.848,D,active,68.50443,2.0
61,49957.723,C,active,66.71462,2.0
69,44838.7,B,inactive,47.9753,4.0
56,39716.2,D,active,62.498047,4.0
72,49291.42,A,active,50.084415,2.0
69,55366.855,B,active,50.262657,2.0
74,39638.625,B,inactive,37.5536,2.0
61,49527.21,A,active,55.915718,2.0
54,45966.996,A,active,58.52419,4.0
63,43248.434,D,pending,46.19938,3.0
58,51747.105,A,active,47.97997,2.0
69,44683.59,A,active,61.475494,4.0
69,62973.83,C,active,72.46969,2.0
68,44293.21,A,active,41.929543,4.0
64,49487.746,A,active,64.38328,2.0
72,58079.37,A,pending,65.63493,2.0
64,54153.14,D,active,63.904915,4.0
57,61581.785,D,pending,60.15074,2.0
56,49979.57,A,active,62.297966,2.0
66,55276.863,D,active,59.597004,2.0
71,45022.9,B,active,47.19735,2.0
64,50681.258,A,active,49.076744,4.0
68,48653.99,D,active,48.587982,4.0
62,52767.543,D,active,39.1054,2.0
54,55691.22,A,active,46.64055,4.0
71,50532.97,A,pending,31.739555,4.0
71,48860.168,A,active,40.42346,2.0
68,50833.496,A,active,56.046623,5.0
71,42783.17,D,active,70.05402,5.0
37,43541.04,D,pending,65.00116,5.0
66,50451.133,A,active,55.79058,3.0
62,47994.566,C,active,54.81688,4.0
72,51004.67,B,pending,43.831757,2.0
56,53079.44,C,active,59.399,3.0
66,52727.754,C,active,63.89508,3.0
72,47367.14,D,active,55.940838,2.0
63,48381.816,B,active,58.72104,2.0
68,43464.64,D,active,62.98425,5.0
60,59999.867,C,active,57.9893,4.0
61,47724.19,D,active,31.391993,2.0
66,41853.11,A,active,50.08174,2.0
71,52727.086,D,pending,66.406456,4.0
67,41704.69,D,pending,39.629704,2.0
52,53547.824,A,active,41.190277,2.0
63,58216.605,C,active,60.312645,4.0
69,52505.914,D,active,70.83004,3.0
64,53787.105,A,active,45.476494,2.0
53,53820.973,D,active,53.051353,4.0
71,50429.184,D,active,37.773167,4.0
71,48869.793,C,pending,65.394226,4.0
66,44916.76,D,active,60.71888,2.0
61,58017.39,D,active,61.342793,2.0
65,42679.195,B,active,60.800243,3.0
57,44814.742,D,pending,59.131493,2.0
68,56248.484,D,active,60.009544,4.0
59,58827.387,D,active,49.08761,4.0
66,51511.348,D,active,46.288937,3.0
67,50575.59,D,pending,54.12315,3.0
64,46117.074,D,active,44.212254,4.0
54,47381.3,D,pending,53.262886,2.0
61,52155.645,D,active,52.89593,5.0
66,44800.465,D,inactive,59.825172,3.0
66,42852.797,A,pending,68.2626,3.0
69,49833.633,C,inactive,63.55924,2.0
60,45798.547,C,active,58.76598,3.0
65,49523.527,D,pending,57.187576,4.0
56,46120.566,D,pending,58.31091,4.0
70,53768.508,D,active,38.318985,2.0
58,52767.203,D,pending,56.150055,4.0
67,47639.453,C,active,69.79082,3.0
55,53449.086,B,active,58.682156,3.0
57,52570.98,C,pending,58.278046,5.0
63,53281.402,C,active,63.761345,4.0
59,48008.51,C,inactive,60.11986,4.0
64,55512.023,A,active,48.958443,4.0
49,59917.723,D,pending,51.338406,5.0
65,50947.09,A,active,51.733006,3.0
70,54106.395,A,active,48.867184,2.0
73,40531.906,D,active,62.465717,2.0
61,43125.74,B,active,43.784595,2.0
71,53326.95,C,active,45.39471,4.0
69,51074.617,D,active,57.95578,3.0
65,49932.3,D,active,54.55656,3.0
58,45737.71,A,pending,38.977192,3.0
58,51062.84,D,pending,72.00588,4.0
59,43728.57,A,active,55.23437,4.0
72,49071.207,C,active,61.580334,2.0
68,45261.344,C,inactive,59.966595,3.0
70,41239.0,A,active,71.98549,2.0
71,52273.723,D,active,68.297104,3.0
66,38513.26,D,active,43.0848,3.0
65,48184.957,D,active,41.258274,2.0
61,52385.137,C,pending,68.21392,4.0
65,54139.66,D,active,50.20631,2.0
66,42294.188,D,active,46.52837,5.0
62,47185.3,D,active,59.316113,3.0
60,54968.723,A,active,40.63274,2.0
51,45368.023,C,pending,41.17743,5.0
55,48606.51,C,active,62.10071,4.0
61,44182.15,C,active,64.24387,2.0
69,46229.887,A,pending,47.141983,4.0
58,57536.434,B,inactive,49.298992,4.0
71,52797.496,B,active,39.642467,5.0
65,51095.082,B,pending,65.73053,4.0
53,52313.34,A,active,49.125317,2.0
63,47959.438,C,pending,65.38357,4.0
57,46971.387,C,active,63.208836,4.0
59,42201.52,D,pending,58.85988,5.0
74,38970.484,A,active,42.316044,4.0
73,48536.496,D,pending,64.677475,4.0
63,50228.242,D,active,49.156174,1.0
72,43194.906,C,pending,70.3435,4.0
66,48318.18,D,active,71.37806,5.0
66,57077.934,D,pending,47.06262,4.0
48,52978.938,A,active,46.44688,4.0
53,53096.18,A,active,48.631283,4.0
55,51647.348,A,active,69.95903,3.0
69,41718.297,A,active,47.517838,2.0
68,50145.527,C,pending,62.95401,4.0
71,41777.37,D,pending,57.491104,4.0
52,52377.754,D,active,56.787205,5.0
71,44863.574,D,active,39.94068,2.0
63,54710.094,D,active,57.02784,3.0
55,44091.73,A,pending,68.98718,3.0
68,55909.566,C,active,56.071896,2.0
67,57185.36,D,active,44.022453,5.0
67,45261.832,C,pending,73.52114,4.0
69,40311.977,A,active,39.112198,2.0
68,41695.95,C,pending,59.983856,2.0
60,55509.35,D,active,56.112812,4.0
69,43963.902,A,active,57.929802,4.0
63,57519.184,A,active,55.80545,3.0
50,40364.703,C,pending,49.655834,4.0
66,42027.88,D,active,49.145527,1.0
70,50980.906,D,active,48.72388,4.0
68,49735.367,C,active,62.41728,3.0
69,44055.535,A,active,47.53297,2.0
59,51114.605,D,active,51.359455,3.0
60,52020.61,D,active,71.08623,4.0
71,50743.547,B,active,54.211643,3.0
66,54293.707,A,active,67.409134,4.0
61,45569.516,C,active,56.56301,4.0
61,49005.9,C,active,66.356575,4.0
67,53944.402,D,pending,42.281883,5.0
68,50299.96,D,active,56.563828,4.0
64,56170.105,D,active,60.75638,2.0
58,43233.86,B,pending,50.573563,5.0
55,42049.55,D,pending,57.258396,2.0
64,39760.773,D,active,50.369816,4.0
64,47706.98,D,active,62.546055,3.0
62,52975.418,B,active,59.58875,4.0
68,53882.74,B,active,51.604965,2.0
66,46565.258,D,inactive,53.698315,2.0
46,50130.04,C,active,54.31487,4.0
68,46165.133,A,active,53.400455,4.0
54,50695.926,C,active,58.29959,4.0
62,48560.082,A,active,65.47019,2.0
67,42750.465,D,active,64.45247,2.0
61,49990.895,D,active,43.637344,2.0
47,43177.496,B,active,55.08177,2.0
69,49466.996,C,pending,42.57419,5.0
62,47600.492,B,inactive,65.81418,2.0
70,42640.56,D,active,55.667732,4.0
53,56016.445,D,inactive,55.3776,3.0
68,47638.816,D,active,37.506866,4.0
71,48604.473,D,active,46.01512,2.0
68,46205.895,A,active,51.93917,2.0
65,53001.605,C,active,53.593296,4.0
50,47799.094,C,active,59.390648,2.0
58,40343.582,D,active,64.724884,2.0
62,45071.062,D,pending,56.34242,2.0
59,52512.023,D,pending,52.290455,3.0
60,57909.53,C,pending,56.410618,1.0
62,48721.562,B,active,42.384396,2.0
55,51623.875,C,active,59.029354,3.0
59,47487.914,A,active,42.85717,4.0
68,52828.863,C,active,55.65452,3.0
59,52091.492,C,pending,67.429985,2.0
65,55512.887,A,active,51.470364,2.0
70,55017.508,B,active,73.55096,3.0
69,54953.01,C,active,56.92557,1.0
65,48148.36,A,active,64.88598,4.0
70,45915.5,A,active,55.22376,3.0
46,51421.836,A,active,58.116623,4.0
57,55204.39,A,active,53.997086,4.0
66,44402.887,A,pending,55.453976,2.0
65,45127.414,A,active,41.57206,4.0
68,49787.03,A,active,61.570614,2.0
58,47735.426,B,active,42.41833,2.0
67,44061.023,B,inactive,42.599983,2.0
68,45203.61,D,active,46.860783,3.0
55,47020.688,C,active,55.920223,3.0
59,46330.906,C,active,60.626522,4.0
66,44066.785,D,active,54.98092,5.0
68,41327.855,A,active,56.996593,2.0
61,57670.78,D,active,56.37062,4.0
68,49990.715,B,active,35.763462,2.0
67,53107.97,B,active,34.7753,3.0
44,48253.977,C,active,49.38697,3.0
67,54578.664,D,active,44.516785,4.0
53,48544.754,B,active,47.525303,3.0
57,50484.88,C,active,49.430477,2.0
73,45006.277,D,active,46.6048,4.0
60,51443.188,C,active,70.33546,4.0
62,60333.504,D,pending,44.14337,4.0
65,46740.297,C,active,54.86663,5.0
67,54601.277,B,active,35.162067,3.0
59,41772.23,C,pending,59.075325,4.0
68,44121.133,D,active,67.994385,2.0
73,39929.85,A,active,45.662464,2.0
68,53169.258,D,pending,65.16265,2.0
62,45783.25,C,active,52.40856,4.0
74,48054.176,D,pending,56.40013,2.0
51,53091.11,D,active,65.7951,2.0
70,42702.832,A,active,49.184986,4.0
69,50382.164,B,inactive,58.88245,5.0
62,43650.16,D,pending,50.176147,2.0
63,45810.332,A,active,56.498657,2.0
57,49320.867,C,active,54.66406,2.0
59,48906.547,D,active,63.22535,3.0
67,48077.3,D,inactive,50.870655,2.0
62,49291.574,A,active,43.49971,3.0
61,51673.016,A,pending,49.293114,3.0
74,45510.492,D,active,68.37768,4.0
68,43744.617,D,pending,47.025475,3.0
59,51178.832,A,active,54.411533,4.0
62,45539.918,D,active,44.506737,4.0
64,45774.176,D,active,68.90729,5.0
67,56278.914,C,active,62.21279,2.0
59,53531.957,C,active,60.775818,2.0
67,51187.082,D,pending,48.65876,4.0
66,46798.996,A,active,48.58825,4.0
60,54017.273,D,pending,58.762535,2.0
47,52346.63,A,active,62.39815,4.0
63,46586.723,B,pending,51.77158,4.0
69,45404.754,A,active,54.07848,5.0
69,51136.383,C,active,65.40197,4.0
72,41643.047,C,inactive,69.95829,2.0
61,52148.402,D,inactive,53.758865,4.0
67,51268.75,A,active,40.54746,2.0
46,54544.004,A,active,65.87884,4.0
65,48767.215,C,active,55.304314,2.0
62,51885.406,B,active,58.618015,4.0
74,48470.598,D,active,58.410824,2.0
66,56558.07,A,active,71.449844,2.0
67,39716.555,C,active,60.829994,3.0
62,43502.242,D,active,54.238308,4.0
54,55044.785,D,active,59.345264,3.0
72,50028.19,C,active,72.33668,3.0
56,49070.496,D,active,48.0446,2.0
61,55764.848,D,pending,56.459694,2.0
60,48394.938,C,active,54.897297,4.0
69,42238.547,D,pending,51.62183,2.0
61,52965.32,D,active,50.66002,2.0
65,40786.73,A,pending,41.800842,2.0
55,55558.676,D,active,38.51511,3.0
63,54349.01,D,pending,48.271225,2.0
62,44254.5,A,active,45.091137,3.0
61,56340.86,D,active,58.53986,4.0
64,47085.465,C,pending,72.02137,2.0
70,45288.594,D,inactive,50.740623,4.0
61,51836.35,A,active,60.636356,2.0
54,52359.867,A,inactive,56.2266,4.0
63,50713.543,D,pending,47.208557,4.0
64,40656.105,D,active,44.72624,2.0
65,47689.215,D,pending,70.33882,4.0
55,46248.84,D,active,59.325996,2.0
66,53047.59,D,pending,69.62141,4.0
56,46492.125,C,active,49.912952,4.0
62,58985.867,A,active,66.69687,3.0
71,55958.223,C,active,71.28667,3.0
66,40473.332,D,pending,57.52721,2.0
68,43712.875,D,pending,61.383904,4.0
63,48943.965,D,active,72.25276,4.0
65,41388.938,D,pending,53.121864,2.0
66,50017.28,A,active,51.488453,4.0
53,46573.34,C,active,60.765354,2.0
74,53566.207,A,active,65.341835,4.0
54,47777.168,D,active,53.861877,4.0
67,47200.5,D,pending,48.12248,4.0
71,40977.504,A,inactive,43.222183,4.0
70,45264.707,A,active,60.389328,4.0
59,50238.89,D,pending,67.664925,2.0
63,43372.07,A,pending,68.908195,1.0
65,45682.152,D,active,63.36415,3.0
60,47664.29,A,pending,56.92138,4.0
71,51651.047,D,active,53.306313,3.0
65,46692.41,C,active,59.542976,2.0
63,53102.414,D,active,48.680252,2.0
66,51364.082,C,active,67.700714,3.0
64,52769.16,A,active,48.178356,4.0
59,55178.54,A,active,53.37672,2.0
61,51370.11,A,active,57.238876,4.0
67,49555.082,D,active,67.91442,3.0
62,52093.043,A,active,46.20566,4.0
56,52586.375,B,inactive,49.09163,2.0
65,46048.062,C,active,55.694527,2.0
70,41975.37,C,active,53.752728,4.0
64,43417.75,D,pending,61.812996,3.0
60,42032.77,D,active,57.218582,4.0
52,48566.68,D,active,36.258144,4.0
66,41588.992,C,active,73.03535,2.0
59,43135.5,D,pending,60.02855,2.0
52,45334.12,C,active,53.143784,5.0
58,49748.29,A,pending,50.48911,4.0
61,58850.477,D,active,56.058594,3.0
57,44081.695,A,pending,63.633495,2.0
55,51764.707,D,pending,53.87256,5.0
66,45902.082,C,pending,58.756615,3.0
61,47029.3,C,pending,57.342014,3.0
47,49518.96,D,active,50.716236,5.0
71,47181.64,D,pending,54.036068,2.0
65,53489.082,C,active,58.774136,1.0
47,41851.562,D,pending,49.114532,4.0
63,53559.63,B,active,47.991016,4.0
62,50391.24,A,active,59.43072,4.0
57,52440.89,D,inactive,36.610916,3.0
63,39643.152,D,pending,66.260155,5.0
58,48515.277,B,active,58.101574,4.0
62,48232.57,B,pending,44.699505,2.0
65,56669.574,D,active,66.72896,3.0
61,42097.61,C,pending,64.11073,2.0
63,46588.883,A,active,51.389885,2.0
68,47598.39,A,pending,62.42115,4.0
66,56037.53,C,active,71.63334,2.0
66,51649.79,C,active,71.25003,3.0
67,56229.133,A,active,57.822575,4.0
62,58698.49,A,pending,65.53937,4.0
61,40842.62,D,pending,58.213844,4.0
64,52365.184,A,active,63.45327,2.0
71,40440.89,C,pending,64.14808,4.0
67,42195.082,A,active,61.005337,4.0
71,47257.375,D,active,68.36115,2.0
60,52451.094,D,pending,59.550262,2.0
65,51445.87,A,active,47.64572,2.0
67,58256.875,A,active,55.650555,3.0
68,44270.332,D,active,53.336803,4.0
64,42799.83,D,pending,58.827015,2.0
67,41381.574,A,pending,44.37885,2.0
56,49344.0,A,inactive,44.56492,2.0
65,46719.43,B,active,58.932243,4.0
65,49647.758,D,active,62.113342,5.0
72,53934.6,C,active,71.99385,3.0
63,56206.168,A,active,67.66301,2.0
61,52123.234,B,active,60.484615,2.0
69,45189.984,C,pending,64.428246,2.0
52,44446.258,C,active,56.178913,2.0
62,57759.402,D,active,63.74219,3.0
71,52090.336,A,active,48.222507,2.0
71,49205.848,A,active,62.463367,3.0
69,48645.48,B,pending,44.54037,2.0
67,59602.363,C,active,51.28236,5.0
65,41938.266,D,active,51.194073,2.0
62,44340.035,D,active,61.182182,3.0
59,47352.766,A,pending,53.764477,4.0
66,46847.543,D,active,63.10671,2.0
60,57167.203,A,pending,61.149746,4.0
65,60168.773,B,pending,45.670635,5.0
54,49339.0,D,active,58.83628,3.0
72,48392.33,B,active,30.903719,2.0
60,44207.45,A,pending,54.398155,4.0
66,57241.695,A,active,36.215908,2.0
61,55991.312,B,active,63.882614,4.0
69,43793.2,A,active,60.09869,4.0
68,48230.914,D,active,56.3934,2.0
57,46425.637,D,inactive,51.035267,4.0
61,44289.23,D,active,64.44898,4.0
60,56232.098,D,pending,48.42558,4.0
64,49185.395,D,active,61.359028,4.0
64,51881.457,A,pending,52.324825,4.0
53,52182.78,A,pending,60.968754,4.0
60,49550.96,A,active,33.61406,2.0
56,41738.094,B,active,38.75227,5.0
65,52019.324,D,pending,41.954865,2.0
69,54502.734,A,pending,38.882233,2.0
63,49131.29,C,active,66.0978,3.0
72,48725.12,D,pending,56.033306,2.0
66,49169.434,A,active,50.645687,3.0
61,42819.637,A,active,32.20177,3.0
68,44553.324,D,pending,36.716656,4.0
52,41215.152,C,active,53.556446,3.0
68,57391.473,A,pending,42.158413,2.0
70,48435.094,D,pending,57.744003,4.0
70,54610.004,D,active,68.43411,4.0
61,42004.75,B,active,58.63316,4.0
71,50935.637,D,inactive,63.378147,2.0
61,42246.95,C,active,56.04751,4.0
63,48521.4,D,pending,65.07276,4.0
61,47546.605,D,pending,56.15767,5.0
66,49646.93,B,active,65.48083,4.0
69,52928.156,C,active,59.227818,4.0
68,45227.816,A,active,53.570793,2.0
66,46629.78,C,active,70.30132,4.0
69,39267.63,D,active,56.325684,5.0
66,46071.168,D,active,58.100704,3.0
60,49367.133,C,active,59.728233,2.0
51,44457.77,B,active,60.45363,4.0
66,50695.863,D,active,67.72476,4.0
37,46335.44,D,active,59.0621,4.0
56,43219.965,D,active,53.770844,4.0
73,60592.215,A,active,45.073326,3.0
65,45035.676,D,active,51.05548,4.0
50,50162.617,B,active,50.166878,2.0
59,51185.203,D,active,47.333244,2.0
70,50486.844,C,active,62.620895,2.0
69,54773.008,A,active,49.653996,2.0
57,49092.547,A,active,61.545635,4.0
70,41465.387,A,pending,57.955647,2.0
68,46381.62,A,active,63.492443,4.0
73,51381.527,B,inactive,52.62667,2.0
