isbsg_project_id,project_prf_year_of_project,project_prf_application_type,project_prf_functional_size,project_prf_normalised_work_effort_level_1,project_prf_normalised_work_effort,project_prf_normalised_level_1_pdr_ufp,project_prf_normalised_pdr_ufp,project_prf_speed_of_delivery,project_prf_manpower_delivery_rate,project_prf_project_elapsed_time,project_prf_team_size_group,project_prf_max_team_size,process_pmf_docs,tech_tf_tools_used,project_prf_total_project_cost,process_pmf_development_methodologies_agile_development,process_pmf_development_methodologies_joint_application_development_jad,process_pmf_development_methodologies_multifunctional_teams,external_eef_industry_sector_medical_and_health_care,external_eef_organisation_type_biotech,external_eef_organisation_type_medical_and_health_care,external_eef_organisation_type_occupational_health_and_safety,project_prf_development_type_enhancement,project_prf_development_type_new_development,project_prf_relative_size_l,project_prf_relative_size_m1,project_prf_relative_size_m2,project_prf_relative_size_missing,project_prf_relative_size_s,project_prf_relative_size_xs,project_prf_relative_size_xxs,project_prf_cost_currency_european_euro,project_prf_cost_currency_missing,project_prf_cost_currency_united_states_dollar,project_prf_currency_multiple_missing,project_prf_currency_multiple_no
10033,2012,not recorded,162,92380,92380,570.2,570.2,8.1,0.0,20.0,101+,253,2,0,4071933,1,0,0,True,False,True,False,True,False,False,True,False,False,False,False,False,False,False,True,False,True
10065,2013,not recorded,34,3444,3444,101.3,101.3,2.8,0.0,12.0,81-90,90,2,0,178444,1,0,0,True,False,True,False,True,False,False,False,False,False,True,False,False,False,False,True,False,True
10178,2005,catalogue/register of things or events; complex process control; document management; online analysis and reporting; workflow support & management,826,2503,2503,3.0,3.0,18.8,4.7,44.0,03-Apr,4,14,1,119674,1,0,0,True,False,True,False,False,True,False,False,True,False,False,False,False,False,True,False,True,False
10184,2012,not recorded,13,2565,2565,197.3,197.3,0.9,0.0,15.0,21-30,28,2,0,91004,1,0,0,True,False,True,False,True,False,False,False,False,False,False,True,False,False,False,True,False,True
10359,2012,not recorded,19,4061,4061,213.7,213.7,1.3,0.0,15.0,51-60,58,2,0,207539,1,0,0,True,False,True,False,True,False,False,False,False,False,False,True,False,False,False,True,False,True
10361,2012,not recorded,21,813,813,38.7,38.7,3.5,0.2,6.0,15-20,20,2,0,40236,1,0,0,True,False,True,False,True,False,False,False,False,False,False,True,False,False,False,True,False,True
10449,2012,not recorded,18,2651,2651,147.3,147.3,3.0,0.1,6.0,31-40,33,2,0,123081,1,0,0,True,False,True,False,True,False,False,False,False,False,False,True,False,False,False,True,False,True
10465,2011,not recorded,12,2920,2920,243.3,243.3,1.2,0.0,10.0,41-50,47,2,0,160179,1,0,0,True,False,True,False,True,False,False,False,False,False,False,True,False,False,False,True,False,True
10470,2012,not recorded,116,13316,13316,114.8,114.8,10.5,0.2,11.0,61-70,69,2,0,569861,1,0,0,True,False,True,False,True,False,False,True,False,False,False,False,False,False,False,True,False,True
10494,2013,not recorded,42,5305,5305,126.3,126.3,2.6,0.1,16.0,31-40,33,2,0,248917,1,0,0,True,False,True,False,True,False,False,False,False,False,True,False,False,False,False,True,False,True
10496,2012,not recorded,47,2450,2450,52.1,52.1,2.0,0.1,24.0,31-40,36,2,0,104783,1,0,0,True,False,True,False,True,False,False,False,False,False,True,False,False,False,False,True,False,True
10527,2012,not recorded,6,538,538,89.7,89.7,1.0,0.1,6.0,Sep-14,12,2,0,30456,1,0,0,True,False,True,False,True,False,False,False,False,False,False,False,True,False,False,True,False,True
10531,2013,not recorded,24,170,170,7.1,7.1,3.0,0.4,8.0,05-Aug,8,2,0,5380,1,0,0,True,False,True,False,True,False,False,False,False,False,False,True,False,False,False,True,False,True
10712,2013,not recorded,9,1871,1871,207.9,207.9,1.0,0.0,9.0,21-30,30,2,0,63529,1,0,0,True,False,True,False,True,False,False,False,False,False,False,False,True,False,False,True,False,True
10750,2011,not recorded,16,812,812,50.8,50.8,1.5,0.1,11.0,15-20,20,2,0,37344,1,0,0,True,False,True,False,True,False,False,False,False,False,False,True,False,False,False,True,False,True
10792,2012,not recorded,26,5230,5230,201.2,201.2,3.3,0.1,8.0,51-60,52,2,0,326997,1,0,0,True,False,True,False,True,False,False,False,False,False,False,True,False,False,False,True,False,True
10837,2011,not recorded,125,16747,16747,134.0,134.0,8.3,0.1,15.0,101+,163,2,0,843607,1,0,0,True,False,True,False,True,False,False,True,False,False,False,False,False,False,False,True,False,True
10853,2012,not recorded,27,4380,4380,162.2,162.2,1.8,0.0,15.0,71-80,71,2,0,135668,1,0,0,True,False,True,False,True,False,False,False,False,False,False,True,False,False,False,True,False,True
10866,2012,not recorded,92,7879,7879,85.6,85.6,4.8,0.1,19.0,81-90,85,2,0,432043,1,0,0,True,False,True,False,True,False,False,False,False,False,True,False,False,False,False,True,False,True
10929,2012,not recorded,40,3567,3567,89.2,89.2,2.5,0.1,16.0,31-40,33,2,0,132783,1,0,0,True,False,True,False,True,False,False,False,False,False,True,False,False,False,False,True,False,True
10975,2012,not recorded,7,537,537,76.7,76.7,1.4,0.1,5.0,21-30,22,2,0,28498,1,0,0,True,False,True,False,True,False,False,False,False,False,False,False,True,False,False,True,False,True
11069,2012,not recorded,106,14573,14573,137.5,137.5,5.0,0.0,21.0,101+,118,2,0,746494,1,0,0,True,False,True,False,True,False,False,True,False,False,False,False,False,False,False,True,False,True
11126,2012,not recorded,11,1253,1253,113.9,113.9,0.8,0.0,14.0,21-30,21,2,0,48503,1,0,0,True,False,True,False,True,False,False,False,False,False,False,True,False,False,False,True,False,True
11282,2013,not recorded,10,2170,2170,217.0,217.0,1.0,0.0,10.0,21-30,27,2,0,91215,1,0,0,True,False,True,False,True,False,False,False,False,False,False,True,False,False,False,True,False,True
11289,2012,not recorded,136,18829,18829,138.4,138.4,9.7,0.1,14.0,101+,126,2,0,976652,1,0,0,True,False,True,False,True,False,False,True,False,False,False,False,False,False,False,True,False,True
11362,2013,not recorded,24,1892,1892,78.8,78.8,1.8,0.0,13.0,51-60,58,2,0,86269,1,0,0,True,False,True,False,True,False,False,False,False,False,False,True,False,False,False,True,False,True
11464,2013,not recorded,12,799,799,66.6,66.6,1.7,0.3,7.0,05-Aug,6,2,0,38810,1,0,0,True,False,True,False,True,False,False,False,False,False,False,True,False,False,False,True,False,True
11467,2012,not recorded,152,12696,12696,83.5,83.5,13.8,0.2,11.0,51-60,59,2,0,563465,1,0,0,True,False,True,False,True,False,False,True,False,False,False,False,False,False,False,True,False,True
11489,2010,not recorded,107,7511,7511,70.2,70.2,11.9,0.1,9.0,81-90,83,2,0,346373,1,0,0,True,False,True,False,True,False,False,True,False,False,False,False,False,False,False,True,False,True
11493,2011,not recorded,10,1675,1675,167.5,167.5,0.8,0.0,13.0,41-50,47,2,0,95691,1,0,0,True,False,True,False,True,False,False,False,False,False,False,True,False,False,False,True,False,True
11824,2013,not recorded,48,5161,5161,107.5,107.5,3.7,0.1,13.0,31-40,31,2,0,179545,1,0,0,True,False,True,False,True,False,False,False,False,False,True,False,False,False,False,True,False,True
11849,2013,not recorded,4,1606,1606,401.5,401.5,0.7,0.0,6.0,51-60,56,2,0,82289,1,0,0,True,False,True,False,True,False,False,False,False,False,False,False,True,False,False,True,False,True
11915,2012,not recorded,37,11100,11100,300.0,300.0,2.5,0.1,15.0,41-50,46,2,0,355339,1,0,0,True,False,True,False,True,False,False,False,False,False,True,False,False,False,False,True,False,True
11917,2013,not recorded,270,24447,24447,90.5,90.5,14.2,0.1,19.0,101+,141,2,0,1223191,1,0,0,True,False,True,False,True,False,False,True,False,False,False,False,False,False,False,True,False,True
11946,2012,not recorded,7,730,730,104.3,104.3,0.8,0.1,9.0,05-Aug,7,2,0,7858,1,0,0,True,False,True,False,True,False,False,False,False,False,False,False,True,False,False,True,False,True
11989,2012,not recorded,48,4725,4725,98.4,98.4,4.4,0.1,11.0,21-30,30,2,0,226593,1,0,0,True,False,True,False,True,False,False,False,False,False,True,False,False,False,False,True,False,True
12007,2013,not recorded,67,15459,15459,230.7,230.7,5.2,0.1,13.0,81-90,85,2,0,682146,1,0,0,True,False,True,False,True,False,False,False,False,False,True,False,False,False,False,True,False,True
12008,2011,not recorded,39,5290,5290,135.6,135.6,1.3,0.0,30.0,101+,102,2,0,205798,1,0,0,True,False,True,False,True,False,False,False,False,False,True,False,False,False,False,True,False,True
12019,2012,not recorded,22,1236,1236,56.2,56.2,3.7,0.1,6.0,21-30,26,2,0,60462,1,0,0,True,False,True,False,True,False,False,False,False,False,False,True,False,False,False,True,False,True
12087,2011,not recorded,12,21596,21596,1799.7,1799.7,0.6,0.0,20.0,101+,139,2,0,1089991,1,0,0,True,False,True,False,True,False,False,False,False,False,False,True,False,False,False,True,False,True
12150,2013,not recorded,37,5865,5865,158.5,158.5,3.1,0.0,12.0,91-100,98,2,0,249220,1,0,0,True,False,True,False,True,False,False,False,False,False,True,False,False,False,False,True,False,True
12152,2012,not recorded,27,1075,1075,39.8,39.8,3.0,0.2,9.0,15-20,20,2,0,36395,1,0,0,True,False,True,False,True,False,False,False,False,False,False,True,False,False,False,True,False,True
12181,2012,not recorded,6,1299,1299,216.5,216.5,0.8,0.0,8.0,31-40,32,2,0,90252,1,0,0,True,False,True,False,True,False,False,False,False,False,False,False,True,False,False,True,False,True
12253,2013,not recorded,21,3569,3569,170.0,170.0,1.9,0.1,11.0,21-30,25,2,0,145691,1,0,0,True,False,True,False,True,False,False,False,False,False,False,True,False,False,False,True,False,True
12284,2013,not recorded,32,792,792,24.8,24.8,2.5,0.1,13.0,15-20,18,2,0,48271,1,0,0,True,False,True,False,True,False,False,False,False,False,True,False,False,False,False,True,False,True
12350,2011,not recorded,14,2590,2590,185.0,185.0,1.0,0.0,14.0,51-60,55,2,0,101224,1,0,0,True,False,True,False,True,False,False,False,False,False,False,True,False,False,False,True,False,True
12378,2012,not recorded,99,10322,10322,104.3,104.3,3.5,0.1,28.0,51-60,53,2,0,646296,1,0,0,True,False,True,False,True,False,False,False,False,False,True,False,False,False,False,True,False,True
12412,2013,not recorded,12,965,965,80.4,80.4,1.1,0.1,11.0,15-20,19,2,0,31083,1,0,0,True,False,True,False,True,False,False,False,False,False,False,True,False,False,False,True,False,True
12447,2012,not recorded,47,2116,2116,45.0,45.0,3.9,0.1,12.0,21-30,27,2,0,77468,1,0,0,True,False,True,False,True,False,False,False,False,False,True,False,False,False,False,True,False,True
12520,2013,not recorded,5,1433,1433,286.6,286.6,0.5,0.0,11.0,31-40,33,2,0,53621,1,0,0,True,False,True,False,True,False,False,False,False,False,False,False,True,False,False,True,False,True
12712,2013,not recorded,86,6113,6113,71.1,71.1,9.6,0.1,9.0,61-70,69,2,0,257387,1,0,0,True,False,True,False,True,False,False,False,False,False,True,False,False,False,False,True,False,True
12755,2012,not recorded,194,30975,30975,159.7,159.7,9.2,0.2,21.0,41-50,44,2,0,1594540,1,0,0,True,False,True,False,True,False,False,True,False,False,False,False,False,False,False,True,False,True
12759,2011,not recorded,108,13268,13268,122.9,122.9,6.8,0.1,16.0,101+,131,2,0,658074,1,0,0,True,False,True,False,True,False,False,True,False,False,False,False,False,False,False,True,False,True
12771,2012,not recorded,92,12019,12019,130.6,130.6,6.6,0.2,14.0,31-40,34,2,0,623187,1,0,0,True,False,True,False,True,False,False,False,False,False,True,False,False,False,False,True,False,True
12794,2012,not recorded,48,6570,6570,136.9,136.9,1.7,0.0,29.0,71-80,80,2,0,305657,1,0,0,True,False,True,False,True,False,False,False,False,False,True,False,False,False,False,True,False,True
12804,2012,not recorded,74,8598,8598,116.2,116.2,2.5,0.0,30.0,101+,113,2,0,518311,1,0,0,True,False,True,False,True,False,False,False,False,False,True,False,False,False,False,True,False,True
12859,2012,not recorded,17,1691,1691,99.5,99.5,3.4,0.2,5.0,21-30,21,2,0,64263,1,0,0,True,False,True,False,True,False,False,False,False,False,False,True,False,False,False,True,False,True
12865,2011,not recorded,54,7751,7751,143.5,143.5,3.9,0.0,14.0,101+,104,2,0,450030,1,0,0,True,False,True,False,True,False,False,False,False,False,True,False,False,False,False,True,False,True
12884,2012,not recorded,180,7884,7884,43.8,43.8,12.0,0.1,15.0,81-90,84,2,0,306081,1,0,0,True,False,True,False,True,False,False,True,False,False,False,False,False,False,False,True,False,True
12962,2013,not recorded,22,1807,1807,82.1,82.1,3.1,0.1,7.0,41-50,49,2,0,87291,1,0,0,True,False,True,False,True,False,False,False,False,False,False,True,False,False,False,True,False,True
13020,2012,not recorded,7,1700,1700,242.9,242.9,0.7,0.0,10.0,31-40,39,2,0,80279,1,0,0,True,False,True,False,True,False,False,False,False,False,False,False,True,False,False,True,False,True
13053,2011,not recorded,33,7824,7824,237.1,237.1,3.3,0.0,10.0,101+,115,2,0,342159,1,0,0,True,False,True,False,True,False,False,False,False,False,True,False,False,False,False,True,False,True
13216,2012,not recorded,59,3439,3439,58.3,58.3,4.5,0.1,13.0,31-40,39,2,0,133224,1,0,0,True,False,True,False,True,False,False,False,False,False,True,False,False,False,False,True,False,True
13222,2012,not recorded,124,1481,1481,11.9,11.9,11.3,0.5,11.0,21-30,24,2,0,79172,1,0,0,True,False,True,False,True,False,False,True,False,False,False,False,False,False,False,True,False,True
13228,2013,not recorded,8,288,288,36.0,36.0,1.0,0.1,8.0,Sep-14,13,2,0,11153,1,0,0,True,False,True,False,True,False,False,False,False,False,False,False,True,False,False,True,False,True
13273,2012,not recorded,54,11565,11565,214.2,214.2,4.2,0.0,13.0,81-90,86,2,0,570142,1,0,0,True,False,True,False,True,False,False,False,False,False,True,False,False,False,False,True,False,True
13294,2011,not recorded,297,20260,20260,68.2,68.2,15.6,0.1,19.0,101+,118,2,0,878811,1,0,0,True,False,True,False,True,False,False,True,False,False,False,False,False,False,False,True,False,True
13329,2011,not recorded,90,2246,2246,25.0,25.0,8.2,0.7,11.0,Sep-14,12,2,0,115710,1,0,0,True,False,True,False,True,False,False,False,False,False,True,False,False,False,False,True,False,True
13337,2012,not recorded,4,2212,2212,553.0,553.0,0.3,0.0,13.0,21-30,29,2,0,88053,1,0,0,True,False,True,False,True,False,False,False,False,False,False,False,True,False,False,True,False,True
13340,2012,not recorded,20,2109,2109,105.5,105.5,1.4,0.0,14.0,51-60,60,2,0,106746,1,0,0,True,False,True,False,True,False,False,False,False,False,False,True,False,False,False,True,False,True
13468,2012,not recorded,113,27362,27362,242.1,242.1,4.0,0.0,28.0,101+,193,2,0,1219748,1,0,0,True,False,True,False,True,False,False,True,False,False,False,False,False,False,False,True,False,True
13545,2013,not recorded,7,857,857,122.4,122.4,0.6,0.0,11.0,41-50,41,2,0,61983,1,0,0,True,False,True,False,True,False,False,False,False,False,False,False,True,False,False,True,False,True
13551,2012,not recorded,22,1942,1942,88.3,88.3,2.0,0.1,11.0,31-40,32,2,0,113641,1,0,0,True,False,True,False,True,False,False,False,False,False,False,True,False,False,False,True,False,True
13592,2012,not recorded,6,5748,5748,958.0,958.0,0.7,0.0,9.0,81-90,85,2,0,355595,1,0,0,True,False,True,False,True,False,False,False,False,False,False,False,True,False,False,True,False,True
13603,2013,not recorded,7,1013,1013,144.7,144.7,0.7,0.0,10.0,31-40,37,2,0,51242,1,0,0,True,False,True,False,True,False,False,False,False,False,False,False,True,False,False,True,False,True
13655,2012,not recorded,14,1111,1111,79.4,79.4,4.7,0.2,3.0,21-30,25,2,0,40334,1,0,0,True,False,True,False,True,False,False,False,False,False,False,True,False,False,False,True,False,True
13808,2012,not recorded,43,19667,19667,457.4,457.4,2.0,0.0,22.0,61-70,70,2,0,735277,1,0,0,True,False,True,False,True,False,False,False,False,False,True,False,False,False,False,True,False,True
13848,2011,not recorded,7,355,355,50.7,50.7,0.9,0.1,8.0,Sep-14,11,2,0,13573,1,0,0,True,False,True,False,True,False,False,False,False,False,False,False,True,False,False,True,False,True
13854,2013,not recorded,30,4412,4412,147.1,147.1,3.3,0.2,9.0,21-30,21,2,0,234882,1,0,0,True,False,True,False,True,False,False,False,False,False,True,False,False,False,False,True,False,True
14002,2005,missing,216,11318,11318,52.4,52.4,16.6,0.1,13.0,Missing,36,3,0,119674,1,0,0,True,False,True,False,False,True,False,True,False,False,False,False,False,False,True,False,True,False
14100,2013,not recorded,18,2728,2728,151.6,151.6,1.0,0.0,18.0,41-50,48,2,0,94057,1,0,0,True,False,True,False,True,False,False,False,False,False,False,True,False,False,False,True,False,True
14111,2012,not recorded,35,9997,9997,285.6,285.6,1.0,0.0,34.0,61-70,65,2,0,522082,1,0,0,True,False,True,False,True,False,False,False,False,False,True,False,False,False,False,True,False,True
14116,2013,not recorded,10,1174,1174,117.4,117.4,1.1,0.1,9.0,15-20,18,2,0,42024,1,0,0,True,False,True,False,True,False,False,False,False,False,False,True,False,False,False,True,False,True
14131,2012,not recorded,39,3214,3214,82.4,82.4,6.5,0.5,6.0,Sep-14,13,2,0,198720,1,0,0,True,False,True,False,True,False,False,False,False,False,True,False,False,False,False,True,False,True
14153,2013,not recorded,8,2702,2702,337.8,337.8,0.6,0.0,13.0,41-50,42,2,0,102156,1,0,0,True,False,True,False,True,False,False,False,False,False,False,False,True,False,False,True,False,True
14162,2012,not recorded,50,6451,6451,129.0,129.0,1.5,0.0,34.0,41-50,43,2,0,256558,1,0,0,True,False,True,False,True,False,False,False,False,False,True,False,False,False,False,True,False,True
14170,2013,not recorded,12,158,158,13.2,13.2,1.7,0.3,7.0,05-Aug,6,2,0,4434,1,0,0,True,False,True,False,True,False,False,False,False,False,False,True,False,False,False,True,False,True
14240,2012,not recorded,150,19226,19226,128.2,128.2,10.7,0.1,14.0,101+,150,2,0,986222,1,0,0,True,False,True,False,True,False,False,True,False,False,False,False,False,False,False,True,False,True
14272,2013,not recorded,6,479,479,79.8,79.8,0.8,0.0,8.0,21-30,21,2,0,16288,1,0,0,True,False,True,False,True,False,False,False,False,False,False,False,True,False,False,True,False,True
14312,2012,not recorded,44,10852,10852,246.6,246.6,1.7,0.0,26.0,61-70,65,2,0,607330,1,0,0,True,False,True,False,True,False,False,False,False,False,True,False,False,False,False,True,False,True
14393,2011,not recorded,14,14138,14138,1009.9,1009.9,0.8,0.0,18.0,51-60,57,2,0,826113,1,0,0,True,False,True,False,True,False,False,False,False,False,False,True,False,False,False,True,False,True
14451,2013,not recorded,17,7003,7003,411.9,411.9,1.1,0.0,15.0,31-40,39,2,0,256952,1,0,0,True,False,True,False,True,False,False,False,False,False,False,True,False,False,False,True,False,True
14471,1993,transaction/production system,805,11045,11045,13.7,13.7,61.9,8.8,13.0,05-Aug,7,6,2,119674,1,0,0,True,False,False,True,True,False,False,False,True,False,False,False,False,False,True,False,True,False
14494,2012,not recorded,18,1672,1672,92.9,92.9,0.8,0.0,24.0,51-60,52,2,0,104406,1,0,0,True,False,True,False,True,False,False,False,False,False,False,True,False,False,False,True,False,True
14504,2012,not recorded,16,4933,4933,308.3,308.3,1.6,0.0,10.0,31-40,33,2,0,171976,1,0,0,True,False,True,False,True,False,False,False,False,False,False,True,False,False,False,True,False,True
14544,2012,not recorded,4,1330,1330,332.5,332.5,0.5,0.0,8.0,15-20,20,2,0,54183,1,0,0,True,False,True,False,True,False,False,False,False,False,False,False,True,False,False,True,False,True
14597,2013,not recorded,8,10997,10997,1374.6,1374.6,0.3,0.0,27.0,61-70,64,2,0,478059,1,0,0,True,False,True,False,True,False,False,False,False,False,False,False,True,False,False,True,False,True
14604,2012,not recorded,6,838,838,139.7,139.7,0.5,0.0,11.0,31-40,33,2,0,52735,1,0,0,True,False,True,False,True,False,False,False,False,False,False,False,True,False,False,True,False,True
14648,2012,not recorded,22,13690,13690,622.3,622.3,1.5,0.0,15.0,101+,104,2,0,576911,1,0,0,True,False,True,False,True,False,False,False,False,False,False,True,False,False,False,True,False,True
14655,2012,not recorded,6,459,459,76.5,76.5,0.3,0.0,19.0,31-40,31,2,0,21305,1,0,0,True,False,True,False,True,False,False,False,False,False,False,False,True,False,False,True,False,True
14656,2013,not recorded,46,2962,2962,64.4,64.4,2.1,0.0,22.0,41-50,50,2,0,202885,1,0,0,True,False,True,False,True,False,False,False,False,False,True,False,False,False,False,True,False,True
14722,2008,system software,24,3049,3049,107.3,107.3,2.1,0.1,14.5,Missing,36,3,0,119674,1,0,0,True,False,True,False,False,True,False,False,False,False,True,False,False,False,True,False,True,False
14864,2013,not recorded,61,2931,2931,48.0,48.0,2.9,0.1,21.0,41-50,49,2,0,122710,1,0,0,True,False,True,False,True,False,False,False,False,False,True,False,False,False,False,True,False,True
14968,2012,not recorded,21,141,141,6.7,6.7,7.0,1.0,3.0,05-Aug,7,2,0,2952,1,0,0,True,False,True,False,True,False,False,False,False,False,False,True,False,False,False,True,False,True
14969,2013,not recorded,6,1661,1661,276.8,276.8,0.3,0.0,23.0,31-40,34,2,0,111100,1,0,0,True,False,True,False,True,False,False,False,False,False,False,False,True,False,False,True,False,True
15036,2013,not recorded,35,1408,1408,40.2,40.2,5.0,0.2,7.0,21-30,30,2,0,49835,1,0,0,True,False,True,False,True,False,False,False,False,False,True,False,False,False,False,True,False,True
15071,2012,not recorded,24,2897,2897,120.7,120.7,1.8,0.1,13.0,31-40,33,2,0,119344,1,0,0,True,False,True,False,True,False,False,False,False,False,False,True,False,False,False,True,False,True
15098,2013,not recorded,44,2691,2691,61.2,61.2,4.0,0.1,11.0,31-40,31,2,0,130805,1,0,0,True,False,True,False,True,False,False,False,False,False,True,False,False,False,False,True,False,True
15136,2012,not recorded,26,1719,1719,66.1,66.1,1.4,0.1,19.0,21-30,21,2,0,78309,1,0,0,True,False,True,False,True,False,False,False,False,False,False,True,False,False,False,True,False,True
15184,2013,not recorded,12,1381,1381,115.1,115.1,1.0,0.0,12.0,31-40,39,2,0,83542,1,0,0,True,False,True,False,True,False,False,False,False,False,False,True,False,False,False,True,False,True
15196,2012,not recorded,306,23350,23350,76.3,76.3,23.5,0.2,13.0,101+,109,2,0,1085474,1,0,0,True,False,True,False,True,False,False,False,True,False,False,False,False,False,False,True,False,True
15232,2013,not recorded,12,1105,1105,92.1,92.1,1.3,0.1,9.0,15-20,19,2,0,46313,1,0,0,True,False,True,False,True,False,False,False,False,False,False,True,False,False,False,True,False,True
15469,2013,not recorded,9,1336,1336,148.4,148.4,1.3,0.0,7.0,21-30,26,2,0,65034,1,0,0,True,False,True,False,True,False,False,False,False,False,False,False,True,False,False,True,False,True
15498,2012,not recorded,9,734,734,81.6,81.6,0.9,0.1,10.0,Sep-14,13,2,0,28689,1,0,0,True,False,True,False,True,False,False,False,False,False,False,False,True,False,False,True,False,True
15500,2012,not recorded,24,5298,5298,220.8,220.8,2.2,0.0,11.0,81-90,86,2,0,223758,1,0,0,True,False,True,False,True,False,False,False,False,False,False,True,False,False,False,True,False,True
15572,2012,not recorded,14,5718,5718,408.4,408.4,0.6,0.0,22.0,61-70,70,2,0,203367,1,0,0,True,False,True,False,True,False,False,False,False,False,False,True,False,False,False,True,False,True
15574,2012,not recorded,34,10351,10351,304.4,304.4,2.8,0.1,12.0,51-60,54,2,0,436939,1,0,0,True,False,True,False,True,False,False,False,False,False,True,False,False,False,False,True,False,True
15584,2013,not recorded,16,1277,1277,79.8,79.8,1.0,0.0,16.0,21-30,30,2,0,59384,1,0,0,True,False,True,False,True,False,False,False,False,False,False,True,False,False,False,True,False,True
15586,2013,not recorded,27,1537,1537,56.9,56.9,2.1,0.0,13.0,51-60,52,2,0,58770,1,0,0,True,False,True,False,True,False,False,False,False,False,False,True,False,False,False,True,False,True
15602,2013,not recorded,24,5575,5575,232.3,232.3,3.0,0.1,8.0,31-40,36,2,0,185841,1,0,0,True,False,True,False,True,False,False,False,False,False,False,True,False,False,False,True,False,True
15622,2012,not recorded,114,15480,15480,135.8,135.8,7.1,0.1,16.0,91-100,91,2,0,864252,1,0,0,True,False,True,False,True,False,False,True,False,False,False,False,False,False,False,True,False,True
15715,2012,not recorded,38,9112,9112,239.8,239.8,1.8,0.0,21.0,41-50,50,2,0,298122,1,0,0,True,False,True,False,True,False,False,False,False,False,True,False,False,False,False,True,False,True
15733,2012,not recorded,87,4820,4820,55.4,55.4,6.7,0.3,13.0,21-30,21,2,0,296816,1,0,0,True,False,True,False,True,False,False,False,False,False,True,False,False,False,False,True,False,True
15850,2012,not recorded,4,494,494,123.5,123.5,0.8,0.1,5.0,Sep-14,9,2,0,23572,1,0,0,True,False,True,False,True,False,False,False,False,False,False,False,True,False,False,True,False,True
15902,2007,engineering software,24,1004,1004,107.3,107.3,2.1,0.1,5.9,Missing,36,2,0,119674,1,0,0,True,False,True,False,True,False,False,False,False,False,True,False,False,False,True,False,True,False
15947,2011,not recorded,7,1466,1466,209.4,209.4,1.2,0.2,6.0,05-Aug,7,2,0,42778,1,0,0,True,False,True,False,True,False,False,False,False,False,False,False,True,False,False,True,False,True
16042,2011,not recorded,137,2533,2533,18.5,18.5,15.2,0.5,9.0,31-40,33,2,0,120004,1,0,0,True,False,True,False,True,False,False,True,False,False,False,False,False,False,False,True,False,True
16043,2013,not recorded,26,3776,3776,145.2,145.2,1.7,0.1,15.0,21-30,30,2,0,156734,1,0,0,True,False,True,False,True,False,False,False,False,False,False,True,False,False,False,True,False,True
16066,2013,not recorded,12,630,630,52.5,52.5,2.0,0.3,6.0,05-Aug,7,2,0,30065,1,0,0,True,False,True,False,True,False,False,False,False,False,False,True,False,False,False,True,False,True
16132,2012,not recorded,3,2333,2333,777.7,777.7,0.2,0.0,14.0,51-60,51,2,0,136678,1,0,0,True,False,True,False,True,False,False,False,False,False,False,False,True,False,False,True,False,True
16160,2012,not recorded,25,5981,5981,239.2,239.2,1.6,0.0,16.0,71-80,72,2,0,256217,1,0,0,True,False,True,False,True,False,False,False,False,False,False,True,False,False,False,True,False,True
16287,2013,not recorded,14,412,412,29.4,29.4,1.4,0.1,10.0,Sep-14,10,2,0,18997,1,0,0,True,False,True,False,True,False,False,False,False,False,False,True,False,False,False,True,False,True
16302,2013,not recorded,7,3456,3456,493.7,493.7,0.6,0.0,11.0,31-40,32,2,0,175083,1,0,0,True,False,True,False,True,False,False,False,False,False,False,False,True,False,False,True,False,True
16325,2013,not recorded,6,737,737,122.8,122.8,0.9,0.0,7.0,21-30,24,2,0,42759,1,0,0,True,False,True,False,True,False,False,False,False,False,False,False,True,False,False,True,False,True
16335,2012,not recorded,29,2138,2138,73.7,73.7,2.6,0.1,11.0,21-30,30,2,0,130146,1,0,0,True,False,True,False,True,False,False,False,False,False,False,True,False,False,False,True,False,True
16346,2011,not recorded,53,4050,4050,76.4,76.4,4.4,0.1,12.0,81-90,82,2,0,225857,1,0,0,True,False,True,False,True,False,False,False,False,False,True,False,False,False,False,True,False,True
16362,2012,not recorded,68,26157,26157,384.7,384.7,2.3,0.0,29.0,101+,156,2,0,1091415,1,0,0,True,False,True,False,True,False,False,False,False,False,True,False,False,False,False,True,False,True
16374,2005,web-based app. dotnet,24,5630,5503,107.3,107.3,2.1,0.1,5.3,21-30,24,0,0,119674,1,0,0,True,False,True,False,False,True,False,False,False,True,False,False,False,False,True,False,True,False
16377,2012,not recorded,182,8755,8755,48.1,48.1,10.1,0.1,18.0,81-90,81,2,0,350732,1,0,0,True,False,True,False,True,False,False,True,False,False,False,False,False,False,False,True,False,True
16414,2013,not recorded,19,1247,1247,65.6,65.6,1.1,0.1,18.0,15-20,20,2,0,56486,1,0,0,True,False,True,False,True,False,False,False,False,False,False,True,False,False,False,True,False,True
16417,2012,not recorded,77,13614,13614,176.8,176.8,7.0,0.1,11.0,71-80,78,2,0,597836,1,0,0,True,False,True,False,True,False,False,False,False,False,True,False,False,False,False,True,False,True
16431,2012,not recorded,72,9957,9957,138.3,138.3,3.1,0.1,23.0,51-60,60,2,0,397431,1,0,0,True,False,True,False,True,False,False,False,False,False,True,False,False,False,False,True,False,True
16439,2013,not recorded,10,2188,2188,218.8,218.8,0.9,0.0,11.0,31-40,39,2,0,127124,1,0,0,True,False,True,False,True,False,False,False,False,False,False,True,False,False,False,True,False,True
16524,2012,not recorded,109,8134,8134,74.6,74.6,18.2,0.3,6.0,61-70,67,2,0,379041,1,0,0,True,False,True,False,True,False,False,True,False,False,False,False,False,False,False,True,False,True
16526,2012,not recorded,21,1069,1069,50.9,50.9,2.6,0.2,8.0,15-20,15,2,0,45364,1,0,0,True,False,True,False,True,False,False,False,False,False,False,True,False,False,False,True,False,True
16551,2013,not recorded,16,3269,3269,204.3,204.3,0.7,0.0,23.0,41-50,46,2,0,171835,1,0,0,True,False,True,False,True,False,False,False,False,False,False,True,False,False,False,True,False,True
16671,2012,not recorded,14,214,214,15.3,15.3,2.0,0.1,7.0,15-20,15,2,0,8065,1,0,0,True,False,True,False,True,False,False,False,False,False,False,True,False,False,False,True,False,True
16745,2011,not recorded,73,4701,4701,64.4,64.4,6.1,0.1,12.0,61-70,67,2,0,237636,1,0,0,True,False,True,False,True,False,False,False,False,False,True,False,False,False,False,True,False,True
16763,2012,not recorded,107,11458,11458,107.1,107.1,5.4,0.0,20.0,101+,110,2,0,544092,1,0,0,True,False,True,False,True,False,False,True,False,False,False,False,False,False,False,True,False,True
16774,2013,not recorded,4,759,759,189.8,189.8,0.2,0.0,17.0,21-30,28,2,0,36349,1,0,0,True,False,True,False,True,False,False,False,False,False,False,False,True,False,False,True,False,True
16777,2012,not recorded,112,5062,5062,45.2,45.2,12.4,0.3,9.0,41-50,41,2,0,193197,1,0,0,True,False,True,False,True,False,False,True,False,False,False,False,False,False,False,True,False,True
16848,2013,not recorded,78,1763,1763,22.6,22.6,9.8,0.2,8.0,41-50,44,2,0,78063,1,0,0,True,False,True,False,True,False,False,False,False,False,True,False,False,False,False,True,False,True
16950,2011,not recorded,18,4489,4489,249.4,249.4,0.9,0.0,19.0,71-80,77,2,0,249419,1,0,0,True,False,True,False,True,False,False,False,False,False,False,True,False,False,False,True,False,True
17064,2011,not recorded,44,7206,7206,163.8,163.8,3.7,0.0,12.0,101+,102,2,0,386477,1,0,0,True,False,True,False,True,False,False,False,False,False,True,False,False,False,False,True,False,True
17098,2012,not recorded,6,1502,1502,250.3,250.3,0.5,0.0,13.0,41-50,46,2,0,60258,1,0,0,True,False,True,False,True,False,False,False,False,False,False,False,True,False,False,True,False,True
17101,2012,not recorded,6,985,985,164.2,164.2,1.0,0.0,6.0,31-40,37,2,0,51524,1,0,0,True,False,True,False,True,False,False,False,False,False,False,False,True,False,False,True,False,True
17185,2012,not recorded,297,12958,12958,43.6,43.6,14.9,0.2,20.0,61-70,69,2,0,564563,1,0,0,True,False,True,False,True,False,False,True,False,False,False,False,False,False,False,True,False,True
17245,2012,not recorded,24,417,417,17.4,17.4,8.0,0.4,3.0,15-20,18,2,0,25750,1,0,0,True,False,True,False,True,False,False,False,False,False,False,True,False,False,False,True,False,True
17308,2012,not recorded,4,380,380,95.0,95.0,1.3,0.1,3.0,Sep-14,10,2,0,23394,1,0,0,True,False,True,False,True,False,False,False,False,False,False,False,True,False,False,True,False,True
17316,2012,not recorded,57,2427,2427,42.6,42.6,4.1,0.1,14.0,51-60,51,2,0,140677,1,0,0,True,False,True,False,True,False,False,False,False,False,True,False,False,False,False,True,False,True
17395,2013,not recorded,79,785,785,9.9,9.9,8.8,0.5,9.0,15-20,16,2,0,35347,1,0,0,True,False,True,False,True,False,False,False,False,False,True,False,False,False,False,True,False,True
17429,2011,not recorded,19,3722,3722,195.9,195.9,1.2,0.0,16.0,61-70,70,2,0,213780,1,0,0,True,False,True,False,True,False,False,False,False,False,False,True,False,False,False,True,False,True
17454,2012,not recorded,4,219,219,54.8,54.8,1.0,0.2,4.0,05-Aug,6,2,0,7268,1,0,0,True,False,True,False,True,False,False,False,False,False,False,False,True,False,False,True,False,True
17548,2010,clinical archive,116,112,112,1.0,1.0,58.0,0.1,2.0,Missing,36,5,0,119674,1,0,0,True,False,True,False,False,True,False,True,False,False,False,False,False,False,True,False,True,False
17584,2013,not recorded,25,302,302,12.1,12.1,2.3,0.2,11.0,Sep-14,14,2,0,8083,1,0,0,True,False,True,False,True,False,False,False,False,False,False,True,False,False,False,True,False,True
17603,2013,not recorded,12,1056,1056,88.0,88.0,1.7,0.1,7.0,Sep-14,14,2,0,15979,1,0,0,True,False,True,False,True,False,False,False,False,False,False,True,False,False,False,True,False,True
17679,2010,not recorded,37,1981,1981,53.5,53.5,6.2,0.1,6.0,61-70,61,2,0,97246,1,0,0,True,False,True,False,True,False,False,False,False,False,True,False,False,False,False,True,False,True
17773,2012,not recorded,5,156,156,31.2,31.2,1.7,0.1,3.0,15-20,17,2,0,6053,1,0,0,True,False,True,False,True,False,False,False,False,False,False,False,True,False,False,True,False,True
17792,2013,not recorded,10,561,561,56.1,56.1,1.3,0.1,8.0,Sep-14,12,2,0,21509,1,0,0,True,False,True,False,True,False,False,False,False,False,False,True,False,False,False,True,False,True
17798,2006,catalogue/register of things or events,160,4515,4515,28.2,28.2,17.8,0.1,9.0,Missing,36,3,0,119674,1,0,0,True,False,True,False,False,True,False,True,False,False,False,False,False,False,True,False,True,False
17852,2013,not recorded,160,11926,11926,74.5,74.5,11.4,0.1,14.0,91-100,96,2,0,633400,1,0,0,True,False,True,False,True,False,False,True,False,False,False,False,False,False,False,True,False,True
17914,2012,not recorded,18,785,785,43.6,43.6,1.4,0.1,13.0,Sep-14,13,2,0,23055,1,0,0,True,False,True,False,True,False,False,False,False,False,False,True,False,False,False,True,False,True
17917,2013,not recorded,30,1071,1071,35.7,35.7,3.8,0.1,8.0,41-50,41,2,0,63494,1,0,0,True,False,True,False,True,False,False,False,False,False,True,False,False,False,False,True,False,True
17933,2013,not recorded,328,62432,62432,190.3,190.3,25.2,0.2,13.0,101+,153,2,0,2838927,1,0,0,True,False,True,False,True,False,False,False,True,False,False,False,False,False,False,True,False,True
17960,2013,not recorded,164,2469,2469,15.1,15.1,16.4,0.7,10.0,21-30,23,2,0,106630,1,0,0,True,False,True,False,True,False,False,True,False,False,False,False,False,False,False,True,False,True
17990,2012,not recorded,85,29478,29478,346.8,346.8,7.1,0.1,12.0,101+,138,2,0,1493861,1,0,0,True,False,True,False,True,False,False,False,False,False,True,False,False,False,False,True,False,True
18035,2013,not recorded,4,1581,1581,395.3,395.3,0.4,0.0,10.0,31-40,40,2,0,93930,1,0,0,True,False,True,False,True,False,False,False,False,False,False,False,True,False,False,True,False,True
18087,2011,not recorded,16,4391,4391,274.4,274.4,1.2,0.0,13.0,51-60,52,2,0,185395,1,0,0,True,False,True,False,True,False,False,False,False,False,False,True,False,False,False,True,False,True
18101,2012,not recorded,120,2190,2190,18.3,18.3,15.0,0.6,8.0,21-30,26,2,0,97493,1,0,0,True,False,True,False,True,False,False,True,False,False,False,False,False,False,False,True,False,True
18129,2012,not recorded,32,8688,8688,271.5,271.5,1.3,0.0,24.0,101+,131,2,0,404392,1,0,0,True,False,True,False,True,False,False,False,False,False,True,False,False,False,False,True,False,True
18241,2012,not recorded,88,6349,6349,72.1,72.1,5.9,0.3,15.0,15-20,20,2,0,310624,1,0,0,True,False,True,False,True,False,False,False,False,False,True,False,False,False,False,True,False,True
18257,2013,not recorded,14,1109,1109,79.2,79.2,1.0,0.0,14.0,21-30,24,2,0,43879,1,0,0,True,False,True,False,True,False,False,False,False,False,False,True,False,False,False,True,False,True
18260,2012,not recorded,3,1050,1050,350.0,350.0,0.5,0.0,6.0,31-40,40,2,0,46326,1,0,0,True,False,True,False,True,False,False,False,False,False,False,False,True,False,False,True,False,True
18273,2013,not recorded,5,974,974,194.8,194.8,0.8,0.1,6.0,Sep-14,13,2,0,43638,1,0,0,True,False,True,False,True,False,False,False,False,False,False,False,True,False,False,True,False,True
18346,2011,not recorded,25,1008,1008,40.3,40.3,3.1,0.2,8.0,15-20,15,2,0,35034,1,0,0,True,False,True,False,True,False,False,False,False,False,False,True,False,False,False,True,False,True
18420,2011,not recorded,14,1297,1297,92.6,92.6,1.8,0.0,8.0,41-50,44,2,0,60622,1,0,0,True,False,True,False,True,False,False,False,False,False,False,True,False,False,False,True,False,True
18450,2012,not recorded,23,1029,1029,44.7,44.7,2.3,0.3,10.0,05-Aug,8,2,0,64387,1,0,0,True,False,True,False,True,False,False,False,False,False,False,True,False,False,False,True,False,True
18503,2012,not recorded,112,6654,6654,59.4,59.4,9.3,0.1,12.0,61-70,68,2,0,318414,1,0,0,True,False,True,False,True,False,False,True,False,False,False,False,False,False,False,True,False,True
18507,2013,not recorded,12,2189,2189,182.4,182.4,0.4,0.0,27.0,15-20,17,2,0,114516,1,0,0,True,False,True,False,True,False,False,False,False,False,False,True,False,False,False,True,False,True
18523,2011,not recorded,30,7462,7462,248.7,248.7,2.3,0.0,13.0,101+,101,2,0,396695,1,0,0,True,False,True,False,True,False,False,False,False,False,True,False,False,False,False,True,False,True
18531,2013,not recorded,23,1337,1337,58.1,58.1,2.9,0.1,8.0,41-50,49,2,0,52928,1,0,0,True,False,True,False,True,False,False,False,False,False,False,True,False,False,False,True,False,True
18623,2012,not recorded,16,2042,2042,127.6,127.6,1.0,0.0,16.0,31-40,35,2,0,92288,1,0,0,True,False,True,False,True,False,False,False,False,False,False,True,False,False,False,True,False,True
18688,2012,not recorded,136,29119,29119,214.1,214.1,7.2,0.1,19.0,101+,126,2,0,1456465,1,0,0,True,False,True,False,True,False,False,True,False,False,False,False,False,False,False,True,False,True
18740,2013,not recorded,12,2540,2540,211.7,211.7,0.7,0.0,17.0,41-50,44,2,0,113343,1,0,0,True,False,True,False,True,False,False,False,False,False,False,True,False,False,False,True,False,True
18839,2013,not recorded,193,15258,15258,79.1,79.1,14.8,0.1,13.0,101+,111,2,0,874113,1,0,0,True,False,True,False,True,False,False,True,False,False,False,False,False,False,False,True,False,True
18842,2011,not recorded,75,82307,82307,1097.4,1097.4,5.0,0.0,15.0,101+,205,2,0,3642959,1,0,0,True,False,True,False,True,False,False,False,False,False,True,False,False,False,False,True,False,True
18868,2012,not recorded,32,2610,2610,81.6,81.6,4.6,0.2,7.0,21-30,23,2,0,177153,1,0,0,True,False,True,False,True,False,False,False,False,False,True,False,False,False,False,True,False,True
18879,2012,not recorded,286,13489,13489,47.2,47.2,11.4,0.1,25.0,101+,136,2,0,855007,1,0,0,True,False,True,False,True,False,False,True,False,False,False,False,False,False,False,True,False,True
18901,2012,not recorded,27,413,413,15.3,15.3,3.9,0.2,7.0,21-30,24,2,0,20073,1,0,0,True,False,True,False,True,False,False,False,False,False,False,True,False,False,False,True,False,True
19040,2012,not recorded,14,1898,1898,135.6,135.6,2.3,0.1,6.0,31-40,32,2,0,94409,1,0,0,True,False,True,False,True,False,False,False,False,False,False,True,False,False,False,True,False,True
19079,2012,not recorded,63,3141,3141,49.9,49.9,2.5,0.0,25.0,61-70,62,2,0,125517,1,0,0,True,False,True,False,True,False,False,False,False,False,True,False,False,False,False,True,False,True
19136,2012,not recorded,12,1456,1456,121.3,121.3,1.1,0.0,11.0,41-50,46,2,0,81012,1,0,0,True,False,True,False,True,False,False,False,False,False,False,True,False,False,False,True,False,True
19160,2010,not recorded,57,9865,9865,173.1,173.1,8.1,0.1,7.0,81-90,87,2,0,404668,1,0,0,True,False,True,False,True,False,False,False,False,False,True,False,False,False,False,True,False,True
19241,2012,not recorded,17,462,462,27.2,27.2,2.8,0.4,6.0,05-Aug,8,2,0,16273,1,0,0,True,False,True,False,True,False,False,False,False,False,False,True,False,False,False,True,False,True
19265,2013,not recorded,21,3835,3835,182.6,182.6,2.1,0.1,10.0,31-40,37,2,0,131952,1,0,0,True,False,True,False,True,False,False,False,False,False,False,True,False,False,False,True,False,True
19270,2012,not recorded,9,1591,1591,176.8,176.8,0.8,0.0,12.0,21-30,27,2,0,71657,1,0,0,True,False,True,False,True,False,False,False,False,False,False,False,True,False,False,True,False,True
19327,2013,not recorded,4,550,550,137.5,137.5,0.4,0.0,10.0,Sep-14,11,2,0,22004,1,0,0,True,False,True,False,True,False,False,False,False,False,False,False,True,False,False,True,False,True
19344,2011,not recorded,6,7589,7589,1264.8,1264.8,0.4,0.0,17.0,31-40,39,2,0,401588,1,0,0,True,False,True,False,True,False,False,False,False,False,False,False,True,False,False,True,False,True
19353,2005,web-based app. dotnet,24,3890,3754,107.3,107.3,2.1,0.1,1.8,15-20,15,0,0,119674,1,0,0,True,False,True,False,False,True,False,False,False,True,False,False,False,False,True,False,True,False
19388,2013,not recorded,53,3500,3500,66.0,66.0,4.8,0.1,11.0,81-90,84,2,0,159417,1,0,0,True,False,True,False,True,False,False,False,False,False,True,False,False,False,False,True,False,True
19403,2012,not recorded,12,1320,1320,110.0,110.0,1.3,0.0,9.0,31-40,36,2,0,72457,1,0,0,True,False,True,False,True,False,False,False,False,False,False,True,False,False,False,True,False,True
19419,2011,not recorded,7,3687,3687,526.7,526.7,0.6,0.0,12.0,51-60,58,2,0,161110,1,0,0,True,False,True,False,True,False,False,False,False,False,False,False,True,False,False,True,False,True
19422,2013,not recorded,26,580,580,22.3,22.3,6.5,0.6,4.0,Sep-14,11,2,0,9756,1,0,0,True,False,True,False,True,False,False,False,False,False,False,True,False,False,False,True,False,True
19461,2012,not recorded,35,7330,7330,209.4,209.4,1.7,0.0,21.0,41-50,49,2,0,371103,1,0,0,True,False,True,False,True,False,False,False,False,False,True,False,False,False,False,True,False,True
19533,2013,not recorded,19,5892,5892,310.1,310.1,1.6,0.0,12.0,41-50,46,2,0,264151,1,0,0,True,False,True,False,True,False,False,False,False,False,False,True,False,False,False,True,False,True
19547,2013,not recorded,20,3261,3261,163.1,163.1,2.0,0.1,10.0,21-30,25,2,0,105607,1,0,0,True,False,True,False,True,False,False,False,False,False,False,True,False,False,False,True,False,True
19596,2013,not recorded,17,2153,2153,126.6,126.6,1.3,0.1,13.0,21-30,26,2,0,85829,1,0,0,True,False,True,False,True,False,False,False,False,False,False,True,False,False,False,True,False,True
19667,2013,not recorded,6,353,353,58.8,58.8,1.5,0.3,4.0,05-Aug,6,2,0,17181,1,0,0,True,False,True,False,True,False,False,False,False,False,False,False,True,False,False,True,False,True
19746,2013,not recorded,15,370,370,24.7,24.7,3.8,0.3,4.0,Sep-14,12,2,0,18081,1,0,0,True,False,True,False,True,False,False,False,False,False,False,True,False,False,False,True,False,True
19775,2013,not recorded,108,3957,3957,36.6,36.6,7.2,0.2,15.0,31-40,37,2,0,170400,1,0,0,True,False,True,False,True,False,False,True,False,False,False,False,False,False,False,True,False,True
19834,2012,not recorded,4,150,150,37.5,37.5,1.0,0.1,4.0,Sep-14,9,2,0,2276,1,0,0,True,False,True,False,True,False,False,False,False,False,False,False,True,False,False,True,False,True
19873,2011,not recorded,89,6496,6496,73.0,73.0,8.1,0.2,11.0,31-40,35,2,0,283479,1,0,0,True,False,True,False,True,False,False,False,False,False,True,False,False,False,False,True,False,True
19884,2012,not recorded,4,313,313,78.3,78.3,0.8,0.1,5.0,Sep-14,10,2,0,9261,1,0,0,True,False,True,False,True,False,False,False,False,False,False,False,True,False,False,True,False,True
19885,2013,not recorded,36,6452,6452,179.2,179.2,2.3,0.0,16.0,81-90,87,2,0,349570,1,0,0,True,False,True,False,True,False,False,False,False,False,True,False,False,False,False,True,False,True
19906,2012,not recorded,6,1113,1113,185.5,185.5,0.5,0.0,12.0,21-30,24,2,0,53706,1,0,0,True,False,True,False,True,False,False,False,False,False,False,False,True,False,False,True,False,True
19957,2013,not recorded,37,2008,2008,54.3,54.3,6.2,0.2,6.0,31-40,38,2,0,93105,1,0,0,True,False,True,False,True,False,False,False,False,False,True,False,False,False,False,True,False,True
19979,2012,not recorded,3,831,831,277.0,277.0,0.4,0.0,8.0,15-20,19,2,0,27379,1,0,0,True,False,True,False,True,False,False,False,False,False,False,False,True,False,False,True,False,True
20029,2010,not recorded,23,5229,5229,227.3,227.3,1.9,0.0,12.0,61-70,63,2,0,256415,1,0,0,True,False,True,False,True,False,False,False,False,False,False,True,False,False,False,True,False,True
20063,2012,not recorded,450,49846,49846,110.8,110.8,19.6,0.2,23.0,81-90,90,2,0,2104726,1,0,0,True,False,True,False,True,False,False,False,True,False,False,False,False,False,False,True,False,True
20160,2013,not recorded,18,458,458,25.4,25.4,1.1,0.1,16.0,Sep-14,14,2,0,11486,1,0,0,True,False,True,False,True,False,False,False,False,False,False,True,False,False,False,True,False,True
20352,2012,not recorded,34,706,706,20.8,20.8,4.3,0.1,8.0,21-30,29,2,0,39314,1,0,0,True,False,True,False,True,False,False,False,False,False,True,False,False,False,False,True,False,True
20388,2012,not recorded,43,7738,7738,180.0,180.0,3.6,0.1,12.0,31-40,35,2,0,295067,1,0,0,True,False,True,False,True,False,False,False,False,False,True,False,False,False,False,True,False,True
20444,2012,not recorded,9,995,995,110.6,110.6,0.7,0.0,13.0,21-30,22,2,0,53915,1,0,0,True,False,True,False,True,False,False,False,False,False,False,False,True,False,False,True,False,True
20538,2012,not recorded,4,624,624,156.0,156.0,0.4,0.0,9.0,15-20,15,2,0,37248,1,0,0,True,False,True,False,True,False,False,False,False,False,False,False,True,False,False,True,False,True
20545,2012,not recorded,7,482,482,68.9,68.9,0.6,0.0,11.0,21-30,21,2,0,20925,1,0,0,True,False,True,False,True,False,False,False,False,False,False,False,True,False,False,True,False,True
20547,2012,not recorded,25,5886,5886,235.4,235.4,1.3,0.0,20.0,61-70,65,2,0,321975,1,0,0,True,False,True,False,True,False,False,False,False,False,False,True,False,False,False,True,False,True
20571,2012,not recorded,42,1301,1301,31.0,31.0,4.7,0.3,9.0,Sep-14,14,2,0,48431,1,0,0,True,False,True,False,True,False,False,False,False,False,True,False,False,False,False,True,False,True
20595,2012,not recorded,108,7391,7391,68.4,68.4,8.3,0.2,13.0,41-50,50,2,0,283208,1,0,0,True,False,True,False,True,False,False,True,False,False,False,False,False,False,False,True,False,True
20621,2012,not recorded,12,340,340,28.3,28.3,4.0,0.3,3.0,15-20,16,2,0,19948,1,0,0,True,False,True,False,True,False,False,False,False,False,False,True,False,False,False,True,False,True
20734,2013,not recorded,7,1152,1152,164.6,164.6,0.8,0.0,9.0,31-40,32,2,0,49578,1,0,0,True,False,True,False,True,False,False,False,False,False,False,False,True,False,False,True,False,True
20790,2013,not recorded,3,931,931,310.3,310.3,0.3,0.0,11.0,21-30,23,2,0,35662,1,0,0,True,False,True,False,True,False,False,False,False,False,False,False,True,False,False,True,False,True
20826,2012,not recorded,25,3890,3890,155.6,155.6,1.7,0.0,15.0,71-80,71,2,0,227157,1,0,0,True,False,True,False,True,False,False,False,False,False,False,True,False,False,False,True,False,True
20831,2012,not recorded,87,2042,2042,23.5,23.5,7.9,0.3,11.0,21-30,30,2,0,98132,1,0,0,True,False,True,False,True,False,False,False,False,False,True,False,False,False,False,True,False,True
20887,2011,not recorded,34,1407,1407,41.4,41.4,2.6,0.1,13.0,15-20,18,2,0,58834,1,0,0,True,False,True,False,True,False,False,False,False,False,True,False,False,False,False,True,False,True
20918,2013,not recorded,82,6188,6188,75.5,75.5,5.9,0.2,14.0,21-30,24,2,0,266070,1,0,0,True,False,True,False,True,False,False,False,False,False,True,False,False,False,False,True,False,True
20953,2013,not recorded,4,2621,2621,655.3,655.3,0.2,0.0,19.0,31-40,35,2,0,107281,1,0,0,True,False,True,False,True,False,False,False,False,False,False,False,True,False,False,True,False,True
21058,2012,not recorded,14,6190,6190,442.1,442.1,0.9,0.0,16.0,81-90,86,2,0,337355,1,0,0,True,False,True,False,True,False,False,False,False,False,False,True,False,False,False,True,False,True
21072,2011,not recorded,12,3181,3181,265.1,265.1,1.0,0.1,12.0,15-20,18,2,0,110180,1,0,0,True,False,True,False,True,False,False,False,False,False,False,True,False,False,False,True,False,True
21145,2012,not recorded,12,5039,5039,419.9,419.9,0.6,0.0,20.0,51-60,52,2,0,217458,1,0,0,True,False,True,False,True,False,False,False,False,False,False,True,False,False,False,True,False,True
21153,2012,not recorded,25,729,729,29.2,29.2,2.5,0.1,10.0,21-30,21,2,0,42659,1,0,0,True,False,True,False,True,False,False,False,False,False,False,True,False,False,False,True,False,True
21303,2012,not recorded,4,593,593,148.3,148.3,0.7,0.1,6.0,Sep-14,11,2,0,19758,1,0,0,True,False,True,False,True,False,False,False,False,False,False,False,True,False,False,True,False,True
21317,2013,not recorded,67,5920,5920,88.4,88.4,3.4,0.2,20.0,21-30,21,2,0,268239,1,0,0,True,False,True,False,True,False,False,False,False,False,True,False,False,False,False,True,False,True
21380,2012,not recorded,204,19670,19670,96.4,96.4,8.9,0.1,23.0,101+,176,2,0,791269,1,0,0,True,False,True,False,True,False,False,True,False,False,False,False,False,False,False,True,False,True
21389,2013,not recorded,11,6157,6157,559.7,559.7,1.1,0.0,10.0,31-40,32,2,0,243462,1,0,0,True,False,True,False,True,False,False,False,False,False,False,True,False,False,False,True,False,True
21449,2012,not recorded,7,2218,2218,316.9,316.9,0.3,0.0,21.0,21-30,24,2,0,112982,1,0,0,True,False,True,False,True,False,False,False,False,False,False,False,True,False,False,True,False,True
21457,2011,not recorded,172,12846,12846,74.7,74.7,13.2,0.3,13.0,41-50,44,2,0,503355,1,0,0,True,False,True,False,True,False,False,True,False,False,False,False,False,False,False,True,False,True
21462,2011,not recorded,19,8529,8529,448.9,448.9,0.9,0.0,22.0,41-50,46,2,0,369618,1,0,0,True,False,True,False,True,False,False,False,False,False,False,True,False,False,False,True,False,True
21493,2013,not recorded,42,3145,3145,74.9,74.9,3.8,0.3,11.0,Sep-14,14,2,0,154859,1,0,0,True,False,True,False,True,False,False,False,False,False,True,False,False,False,False,True,False,True
21707,2012,not recorded,46,7044,7044,153.1,153.1,2.6,0.0,18.0,71-80,76,2,0,513739,1,0,0,True,False,True,False,True,False,False,False,False,False,True,False,False,False,False,True,False,True
21738,2012,not recorded,6,2921,2921,486.8,486.8,0.5,0.0,12.0,31-40,39,2,0,163928,1,0,0,True,False,True,False,True,False,False,False,False,False,False,False,True,False,False,True,False,True
21769,2012,not recorded,234,18268,18268,78.1,78.1,7.8,0.2,30.0,41-50,42,2,0,1131419,1,0,0,True,False,True,False,True,False,False,True,False,False,False,False,False,False,False,True,False,True
21793,2013,not recorded,32,669,669,20.9,20.9,4.0,0.4,8.0,Sep-14,11,2,0,23878,1,0,0,True,False,True,False,True,False,False,False,False,False,True,False,False,False,False,True,False,True
21805,2012,not recorded,17,1391,1391,81.8,81.8,1.5,0.0,11.0,31-40,34,2,0,38617,1,0,0,True,False,True,False,True,False,False,False,False,False,False,True,False,False,False,True,False,True
21810,2012,not recorded,4,1549,1549,387.3,387.3,0.2,0.0,18.0,41-50,48,2,0,75915,1,0,0,True,False,True,False,True,False,False,False,False,False,False,False,True,False,False,True,False,True
21871,2012,not recorded,9,2783,2783,309.2,309.2,0.5,0.0,19.0,21-30,25,2,0,111802,1,0,0,True,False,True,False,True,False,False,False,False,False,False,False,True,False,False,True,False,True
21923,2011,not recorded,217,18225,18225,84.0,84.0,13.6,0.1,16.0,101+,186,2,0,915570,1,0,0,True,False,True,False,True,False,False,True,False,False,False,False,False,False,False,True,False,True
21940,2012,not recorded,7,232,232,33.1,33.1,1.2,0.1,6.0,Sep-14,10,2,0,10410,1,0,0,True,False,True,False,True,False,False,False,False,False,False,False,True,False,False,True,False,True
22033,2012,not recorded,4,886,886,221.5,221.5,0.7,0.0,6.0,31-40,37,2,0,54070,1,0,0,True,False,True,False,True,False,False,False,False,False,False,False,True,False,False,True,False,True
22056,2011,not recorded,3,3340,3340,1113.3,1113.3,0.2,0.0,15.0,71-80,73,2,0,163209,1,0,0,True,False,True,False,True,False,False,False,False,False,False,False,True,False,False,True,False,True
22067,2013,not recorded,12,1326,1326,110.5,110.5,1.2,0.1,10.0,15-20,19,2,0,48182,1,0,0,True,False,True,False,True,False,False,False,False,False,False,True,False,False,False,True,False,True
22108,2012,not recorded,257,21373,21373,83.2,83.2,18.4,0.1,14.0,101+,152,2,0,1061875,1,0,0,True,False,True,False,True,False,False,True,False,False,False,False,False,False,False,True,False,True
22133,2013,not recorded,5,630,630,126.0,126.0,0.6,0.0,8.0,15-20,15,2,0,37517,1,0,0,True,False,True,False,True,False,False,False,False,False,False,False,True,False,False,True,False,True
22153,2013,not recorded,8,4090,4090,511.3,511.3,0.4,0.0,22.0,81-90,82,2,0,220758,1,0,0,True,False,True,False,True,False,False,False,False,False,False,False,True,False,False,True,False,True
22263,2012,not recorded,27,1059,1059,39.2,39.2,1.8,0.1,15.0,15-20,16,2,0,35858,1,0,0,True,False,True,False,True,False,False,False,False,False,False,True,False,False,False,True,False,True
22317,2012,not recorded,254,14359,14359,56.5,56.5,21.2,0.3,12.0,71-80,74,2,0,659230,1,0,0,True,False,True,False,True,False,False,True,False,False,False,False,False,False,False,True,False,True
22334,2013,not recorded,16,995,995,62.2,62.2,1.1,0.0,14.0,31-40,31,2,0,40792,1,0,0,True,False,True,False,True,False,False,False,False,False,False,True,False,False,False,True,False,True
22405,2012,not recorded,47,2235,2235,47.6,47.6,4.7,0.2,10.0,15-20,20,2,0,110090,1,0,0,True,False,True,False,True,False,False,False,False,False,True,False,False,False,False,True,False,True
22425,2012,not recorded,29,4033,4033,139.1,139.1,2.9,0.2,10.0,15-20,15,2,0,172700,1,0,0,True,False,True,False,True,False,False,False,False,False,False,True,False,False,False,True,False,True
22559,2012,not recorded,7,481,481,68.7,68.7,1.2,0.1,6.0,15-20,18,2,0,14383,1,0,0,True,False,True,False,True,False,False,False,False,False,False,False,True,False,False,True,False,True
22595,2012,not recorded,274,10116,10116,36.9,36.9,16.1,0.2,17.0,91-100,97,2,0,567550,1,0,0,True,False,True,False,True,False,False,True,False,False,False,False,False,False,False,True,False,True
22617,2011,not recorded,27,934,934,34.6,34.6,3.4,0.1,8.0,21-30,23,2,0,48005,1,0,0,True,False,True,False,True,False,False,False,False,False,False,True,False,False,False,True,False,True
22631,2013,not recorded,60,17999,17999,300.0,300.0,5.0,0.0,12.0,101+,149,2,0,799714,1,0,0,True,False,True,False,True,False,False,False,False,False,True,False,False,False,False,True,False,True
22701,2011,not recorded,18,5440,5440,302.2,302.2,1.3,0.0,14.0,101+,101,2,0,358175,1,0,0,True,False,True,False,True,False,False,False,False,False,False,True,False,False,False,True,False,True
22885,2008,engineering software,24,6254,6254,107.3,107.3,2.1,0.1,5.2,Missing,36,2,0,119674,1,0,0,True,False,True,False,False,True,False,False,True,False,False,False,False,False,True,False,True,False
22887,2013,not recorded,7,1070,1070,152.9,152.9,0.6,0.0,11.0,15-20,16,2,0,33110,1,0,0,True,False,True,False,True,False,False,False,False,False,False,False,True,False,False,True,False,True
22909,2011,not recorded,42,12028,12028,286.4,286.4,3.5,0.0,12.0,101+,101,2,0,488260,1,0,0,True,False,True,False,True,False,False,False,False,False,True,False,False,False,False,True,False,True
22913,2012,not recorded,4,1484,1484,371.0,371.0,0.4,0.0,9.0,21-30,23,2,0,56204,1,0,0,True,False,True,False,True,False,False,False,False,False,False,False,True,False,False,True,False,True
22922,2011,not recorded,27,11374,11374,421.3,421.3,1.7,0.1,16.0,21-30,30,2,0,562113,1,0,0,True,False,True,False,True,False,False,False,False,False,False,True,False,False,False,True,False,True
23018,2012,not recorded,70,1993,1993,28.5,28.5,7.8,0.3,9.0,21-30,24,2,0,106370,1,0,0,True,False,True,False,True,False,False,False,False,False,True,False,False,False,False,True,False,True
23020,2013,not recorded,7,2345,2345,335.0,335.0,0.6,0.0,11.0,21-30,23,2,0,120107,1,0,0,True,False,True,False,True,False,False,False,False,False,False,False,True,False,False,True,False,True
23036,2013,not recorded,928,17344,17344,18.7,18.7,25.1,0.5,37.0,41-50,49,2,0,1017307,1,0,0,True,False,True,False,True,False,False,False,True,False,False,False,False,False,False,True,False,True
23047,2012,not recorded,20,545,545,27.3,27.3,1.5,0.2,13.0,05-Aug,8,2,0,25494,1,0,0,True,False,True,False,True,False,False,False,False,False,False,True,False,False,False,True,False,True
23061,2012,not recorded,102,4238,4238,41.5,41.5,7.3,0.3,14.0,21-30,22,2,0,214802,1,0,0,True,False,True,False,True,False,False,True,False,False,False,False,False,False,False,True,False,True
23076,2012,not recorded,92,4752,4752,51.7,51.7,9.2,0.2,10.0,41-50,41,2,0,183792,1,0,0,True,False,True,False,True,False,False,False,False,False,True,False,False,False,False,True,False,True
23078,2010,not recorded,31,1783,1783,57.5,57.5,3.1,0.2,10.0,15-20,16,2,0,107164,1,0,0,True,False,True,False,True,False,False,False,False,False,True,False,False,False,False,True,False,True
23090,2012,not recorded,4,269,269,67.3,67.3,0.4,0.0,11.0,Sep-14,13,2,0,13170,1,0,0,True,False,True,False,True,False,False,False,False,False,False,False,True,False,False,True,False,True
23102,2011,not recorded,14,4852,4852,346.6,346.6,1.6,0.0,9.0,31-40,37,2,0,188769,1,0,0,True,False,True,False,True,False,False,False,False,False,False,True,False,False,False,True,False,True
23107,2012,not recorded,136,18897,18897,138.9,138.9,5.7,0.1,24.0,101+,112,2,0,890797,1,0,0,True,False,True,False,True,False,False,True,False,False,False,False,False,False,False,True,False,True
23115,2012,not recorded,102,9253,9253,90.7,90.7,4.3,0.0,24.0,81-90,89,2,0,412425,1,0,0,True,False,True,False,True,False,False,True,False,False,False,False,False,False,False,True,False,True
23122,2011,not recorded,67,6021,6021,89.9,89.9,3.4,0.1,20.0,61-70,62,2,0,336769,1,0,0,True,False,True,False,True,False,False,False,False,False,True,False,False,False,False,True,False,True
23197,2013,not recorded,106,7879,7879,74.3,74.3,6.6,0.2,16.0,21-30,27,2,0,421355,1,0,0,True,False,True,False,True,False,False,True,False,False,False,False,False,False,False,True,False,True
23286,2012,not recorded,6,1264,1264,210.7,210.7,1.0,0.0,6.0,21-30,27,2,0,71308,1,0,0,True,False,True,False,True,False,False,False,False,False,False,False,True,False,False,True,False,True
23306,2013,not recorded,12,33795,33795,2816.3,2816.3,0.5,0.0,24.0,101+,115,2,0,1801573,1,0,0,True,False,True,False,True,False,False,False,False,False,False,True,False,False,False,True,False,True
23467,2012,not recorded,7,682,682,97.4,97.4,0.5,0.0,14.0,15-20,19,2,0,31172,1,0,0,True,False,True,False,True,False,False,False,False,False,False,False,True,False,False,True,False,True
23472,2012,not recorded,3,1105,1105,368.3,368.3,0.2,0.0,14.0,31-40,34,2,0,67642,1,0,0,True,False,True,False,True,False,False,False,False,False,False,False,True,False,False,True,False,True
23494,2011,not recorded,100,9436,9436,94.4,94.4,5.0,0.1,20.0,91-100,96,2,0,466721,1,0,0,True,False,True,False,True,False,False,True,False,False,False,False,False,False,False,True,False,True
23538,2013,not recorded,30,3535,3535,117.8,117.8,2.0,0.0,15.0,61-70,70,2,0,170711,1,0,0,True,False,True,False,True,False,False,False,False,False,True,False,False,False,False,True,False,True
23550,2013,not recorded,13,1483,1483,114.1,114.1,2.6,0.1,5.0,31-40,36,2,0,93285,1,0,0,True,False,True,False,True,False,False,False,False,False,False,True,False,False,False,True,False,True
23740,2011,not recorded,179,8060,8060,45.0,45.0,35.8,0.6,5.0,61-70,63,2,0,267175,1,0,0,True,False,True,False,True,False,False,True,False,False,False,False,False,False,False,True,False,True
23741,2012,not recorded,16,5242,5242,327.6,327.6,1.3,0.0,12.0,61-70,69,2,0,319159,1,0,0,True,False,True,False,True,False,False,False,False,False,False,True,False,False,False,True,False,True
23763,2011,not recorded,16,2633,2633,164.6,164.6,1.8,0.1,9.0,21-30,28,2,0,104320,1,0,0,True,False,True,False,True,False,False,False,False,False,False,True,False,False,False,True,False,True
23784,2013,not recorded,19,3933,3933,207.0,207.0,0.8,0.0,24.0,41-50,42,2,0,172317,1,0,0,True,False,True,False,True,False,False,False,False,False,False,True,False,False,False,True,False,True
23972,2012,not recorded,6,168,168,28.0,28.0,1.0,0.1,6.0,Sep-14,12,2,0,10614,1,0,0,True,False,True,False,True,False,False,False,False,False,False,False,True,False,False,True,False,True
23995,2011,not recorded,7,1543,1543,220.4,220.4,1.4,0.0,5.0,21-30,29,2,0,59010,1,0,0,True,False,True,False,True,False,False,False,False,False,False,False,True,False,False,True,False,True
24015,2013,not recorded,6,363,363,60.5,60.5,0.6,0.0,10.0,15-20,15,2,0,15703,1,0,0,True,False,True,False,True,False,False,False,False,False,False,False,True,False,False,True,False,True
24044,2012,not recorded,17,876,876,51.5,51.5,1.9,0.2,9.0,05-Aug,8,2,0,25731,1,0,0,True,False,True,False,True,False,False,False,False,False,False,True,False,False,False,True,False,True
24121,2013,not recorded,21,3189,3189,151.9,151.9,1.5,0.0,14.0,41-50,47,2,0,146379,1,0,0,True,False,True,False,True,False,False,False,False,False,False,True,False,False,False,True,False,True
24160,2013,not recorded,33,2066,2066,62.6,62.6,3.7,0.1,9.0,41-50,46,2,0,118665,1,0,0,True,False,True,False,True,False,False,False,False,False,True,False,False,False,False,True,False,True
24168,2013,not recorded,36,3346,3346,92.9,92.9,2.1,0.0,17.0,41-50,45,2,0,126440,1,0,0,True,False,True,False,True,False,False,False,False,False,True,False,False,False,False,True,False,True
24226,2007,missing,24,1344,1344,107.3,107.3,2.1,0.1,16.0,03-Apr,3,2,0,119674,1,0,0,True,False,True,False,True,False,False,False,False,True,False,False,False,False,True,False,True,False
24278,2013,not recorded,364,9520,9520,26.2,26.2,30.3,0.7,12.0,41-50,46,2,0,469902,1,0,0,True,False,True,False,True,False,False,False,True,False,False,False,False,False,False,True,False,True
24410,2012,not recorded,16,1187,1187,74.2,74.2,1.2,0.0,13.0,21-30,29,2,0,74698,1,0,0,True,False,True,False,True,False,False,False,False,False,False,True,False,False,False,True,False,True
24414,2013,not recorded,32,702,702,21.9,21.9,4.0,0.2,8.0,21-30,24,2,0,34339,1,0,0,True,False,True,False,True,False,False,False,False,False,True,False,False,False,False,True,False,True
24515,2012,not recorded,12,247,247,20.6,20.6,1.3,0.1,9.0,Sep-14,12,2,0,12947,1,0,0,True,False,True,False,True,False,False,False,False,False,False,True,False,False,False,True,False,True
24543,2010,not recorded,54,11656,11656,215.9,215.9,4.2,0.0,13.0,91-100,98,2,0,468403,1,0,0,True,False,True,False,True,False,False,False,False,False,True,False,False,False,False,True,False,True
24544,2011,not recorded,7,262,262,37.4,37.4,1.4,0.1,5.0,15-20,18,2,0,15389,1,0,0,True,False,True,False,True,False,False,False,False,False,False,False,True,False,False,True,False,True
24615,2012,not recorded,8,244,244,30.5,30.5,1.6,0.1,5.0,21-30,21,2,0,13934,1,0,0,True,False,True,False,True,False,False,False,False,False,False,False,True,False,False,True,False,True
24733,2013,not recorded,7,405,405,57.9,57.9,1.2,0.1,6.0,Sep-14,10,2,0,21153,1,0,0,True,False,True,False,True,False,False,False,False,False,False,False,True,False,False,True,False,True
24871,2012,not recorded,9,593,593,65.9,65.9,1.5,0.2,6.0,Sep-14,9,2,0,22489,1,0,0,True,False,True,False,True,False,False,False,False,False,False,False,True,False,False,True,False,True
24889,2013,not recorded,7,241,241,34.4,34.4,2.3,0.4,3.0,05-Aug,6,2,0,12231,1,0,0,True,False,True,False,True,False,False,False,False,False,False,False,True,False,False,True,False,True
24890,2012,not recorded,31,2681,2681,86.5,86.5,2.4,0.0,13.0,51-60,59,2,0,116785,1,0,0,True,False,True,False,True,False,False,False,False,False,True,False,False,False,False,True,False,True
24902,2012,not recorded,7,1421,1421,203.0,203.0,0.5,0.0,13.0,21-30,21,2,0,77001,1,0,0,True,False,True,False,True,False,False,False,False,False,False,False,True,False,False,True,False,True
24945,2012,not recorded,26,2194,2194,84.4,84.4,1.4,0.0,18.0,31-40,38,2,0,101689,1,0,0,True,False,True,False,True,False,False,False,False,False,False,True,False,False,False,True,False,True
24955,2012,not recorded,8,816,816,102.0,102.0,0.5,0.0,16.0,31-40,35,2,0,56553,1,0,0,True,False,True,False,True,False,False,False,False,False,False,False,True,False,False,True,False,True
25014,2013,not recorded,38,4618,4618,121.5,121.5,2.5,0.0,15.0,71-80,71,2,0,209023,1,0,0,True,False,True,False,True,False,False,False,False,False,True,False,False,False,False,True,False,True
25041,2012,not recorded,241,19880,19880,82.5,82.5,17.2,0.1,14.0,101+,130,2,0,1173574,1,0,0,True,False,True,False,True,False,False,True,False,False,False,False,False,False,False,True,False,True
25052,2013,not recorded,8,1749,1749,218.6,218.6,0.8,0.0,10.0,21-30,21,2,0,105246,1,0,0,True,False,True,False,True,False,False,False,False,False,False,False,True,False,False,True,False,True
25053,2012,not recorded,54,7529,7529,139.4,139.4,2.3,0.0,24.0,41-50,48,2,0,362667,1,0,0,True,False,True,False,True,False,False,False,False,False,True,False,False,False,False,True,False,True
25108,2012,not recorded,10,1141,1141,114.1,114.1,1.0,0.0,10.0,31-40,34,2,0,56000,1,0,0,True,False,True,False,True,False,False,False,False,False,False,True,False,False,False,True,False,True
25164,2013,not recorded,4,288,288,72.0,72.0,0.7,0.0,6.0,15-20,16,2,0,14652,1,0,0,True,False,True,False,True,False,False,False,False,False,False,False,True,False,False,True,False,True
25185,2013,not recorded,5,1048,1048,209.6,209.6,0.7,0.0,7.0,15-20,20,2,0,41201,1,0,0,True,False,True,False,True,False,False,False,False,False,False,False,True,False,False,True,False,True
25232,2012,not recorded,7,973,973,139.0,139.0,1.2,0.0,6.0,21-30,25,2,0,31889,1,0,0,True,False,True,False,True,False,False,False,False,False,False,False,True,False,False,True,False,True
25240,2010,not recorded,111,16083,16083,144.9,144.9,11.1,0.1,10.0,91-100,91,2,0,719765,1,0,0,True,False,True,False,True,False,False,True,False,False,False,False,False,False,False,True,False,True
25346,2013,not recorded,13,527,527,40.5,40.5,1.2,0.1,11.0,Sep-14,11,2,0,24993,1,0,0,True,False,True,False,True,False,False,False,False,False,False,True,False,False,False,True,False,True
25461,2012,not recorded,17,1317,1317,77.5,77.5,1.2,0.0,14.0,21-30,28,2,0,52054,1,0,0,True,False,True,False,True,False,False,False,False,False,False,True,False,False,False,True,False,True
25463,2011,not recorded,164,13916,13916,84.9,84.9,9.6,0.1,17.0,101+,146,2,0,659782,1,0,0,True,False,True,False,True,False,False,True,False,False,False,False,False,False,False,True,False,True
25505,2013,not recorded,44,471,471,10.7,10.7,4.0,0.4,11.0,Sep-14,10,2,0,22389,1,0,0,True,False,True,False,True,False,False,False,False,False,True,False,False,False,False,True,False,True
25533,2013,not recorded,4,221,221,55.3,55.3,0.4,0.0,10.0,21-30,21,2,0,13609,1,0,0,True,False,True,False,True,False,False,False,False,False,False,False,True,False,False,True,False,True
25539,2011,not recorded,70,7032,7032,100.5,100.5,4.1,0.1,17.0,81-90,81,2,0,407812,1,0,0,True,False,True,False,True,False,False,False,False,False,True,False,False,False,False,True,False,True
25802,2012,not recorded,15,3420,3420,228.0,228.0,0.6,0.0,24.0,61-70,69,2,0,200694,1,0,0,True,False,True,False,True,False,False,False,False,False,False,True,False,False,False,True,False,True
25971,2013,not recorded,5,1551,1551,310.2,310.2,0.5,0.0,11.0,61-70,62,2,0,68172,1,0,0,True,False,True,False,True,False,False,False,False,False,False,False,True,False,False,True,False,True
26067,2012,not recorded,134,10580,10580,79.0,79.0,6.7,0.1,20.0,101+,111,2,0,579615,1,0,0,True,False,True,False,True,False,False,True,False,False,False,False,False,False,False,True,False,True
26085,2012,not recorded,5,970,970,194.0,194.0,0.6,0.1,9.0,Sep-14,10,2,0,29717,1,0,0,True,False,True,False,True,False,False,False,False,False,False,False,True,False,False,True,False,True
26105,2011,not recorded,57,3746,3746,65.7,65.7,6.3,0.1,9.0,51-60,57,2,0,208661,1,0,0,True,False,True,False,True,False,False,False,False,False,True,False,False,False,False,True,False,True
26137,2012,not recorded,91,3667,3667,40.3,40.3,11.4,0.2,8.0,61-70,67,2,0,180476,1,0,0,True,False,True,False,True,False,False,False,False,False,True,False,False,False,False,True,False,True
26149,2012,not recorded,4,598,598,149.5,149.5,0.6,0.0,7.0,21-30,26,2,0,26133,1,0,0,True,False,True,False,True,False,False,False,False,False,False,False,True,False,False,True,False,True
26214,2012,not recorded,21,1385,1385,66.0,66.0,2.6,0.2,8.0,15-20,17,2,0,43913,1,0,0,True,False,True,False,True,False,False,False,False,False,False,True,False,False,False,True,False,True
26277,2013,not recorded,13,7465,7465,574.2,574.2,1.1,0.0,12.0,71-80,72,2,0,369338,1,0,0,True,False,True,False,True,False,False,False,False,False,False,True,False,False,False,True,False,True
26290,2012,not recorded,35,8581,8581,245.2,245.2,3.5,0.1,10.0,51-60,53,2,0,406373,1,0,0,True,False,True,False,True,False,False,False,False,False,True,False,False,False,False,True,False,True
26322,2012,not recorded,80,2053,2053,25.7,25.7,8.9,0.4,9.0,21-30,21,2,0,133695,1,0,0,True,False,True,False,True,False,False,False,False,False,True,False,False,False,False,True,False,True
26433,2011,not recorded,39,3719,3719,95.4,95.4,2.4,0.1,16.0,31-40,36,2,0,131818,1,0,0,True,False,True,False,True,False,False,False,False,False,True,False,False,False,False,True,False,True
26434,2012,not recorded,18,5632,5632,312.9,312.9,2.3,0.0,8.0,61-70,70,2,0,356347,1,0,0,True,False,True,False,True,False,False,False,False,False,False,True,False,False,False,True,False,True
26453,2012,not recorded,10,7824,7824,782.4,782.4,0.3,0.0,30.0,41-50,41,2,0,377600,1,0,0,True,False,True,False,True,False,False,False,False,False,False,True,False,False,False,True,False,True
26473,2011,not recorded,30,4895,4895,163.2,163.2,2.3,0.0,13.0,51-60,59,2,0,219199,1,0,0,True,False,True,False,True,False,False,False,False,False,True,False,False,False,False,True,False,True
26514,2012,not recorded,39,2469,2469,63.3,63.3,4.9,0.2,8.0,21-30,23,2,0,112279,1,0,0,True,False,True,False,True,False,False,False,False,False,True,False,False,False,False,True,False,True
26586,2013,not recorded,35,7529,7529,215.1,215.1,2.5,0.0,14.0,81-90,82,2,0,503415,1,0,0,True,False,True,False,True,False,False,False,False,False,True,False,False,False,False,True,False,True
26604,2011,not recorded,23,4747,4747,206.4,206.4,1.4,0.0,16.0,81-90,85,2,0,284508,1,0,0,True,False,True,False,True,False,False,False,False,False,False,True,False,False,False,True,False,True
26627,2010,not recorded,20,9843,9843,492.2,492.2,1.8,0.0,11.0,91-100,100,2,0,523946,1,0,0,True,False,True,False,True,False,False,False,False,False,False,True,False,False,False,True,False,True
26677,2013,not recorded,12,1861,1861,155.1,155.1,0.9,0.0,14.0,41-50,45,2,0,127252,1,0,0,True,False,True,False,True,False,False,False,False,False,False,True,False,False,False,True,False,True
26725,2012,not recorded,61,3141,3141,51.5,51.5,5.5,0.3,11.0,15-20,17,2,0,104292,1,0,0,True,False,True,False,True,False,False,False,False,False,True,False,False,False,False,True,False,True
26736,2013,not recorded,10,3754,3754,375.4,375.4,0.9,0.0,11.0,51-60,57,2,0,147117,1,0,0,True,False,True,False,True,False,False,False,False,False,False,True,False,False,False,True,False,True
26738,2011,not recorded,28,7015,7015,250.5,250.5,2.3,0.0,12.0,61-70,64,2,0,357546,1,0,0,True,False,True,False,True,False,False,False,False,False,False,True,False,False,False,True,False,True
26769,2012,not recorded,23,1919,1919,83.4,83.4,2.1,0.1,11.0,21-30,25,2,0,41351,1,0,0,True,False,True,False,True,False,False,False,False,False,False,True,False,False,False,True,False,True
26807,2013,not recorded,83,5146,5146,62.0,62.0,6.4,0.1,13.0,51-60,51,2,0,254028,1,0,0,True,False,True,False,True,False,False,False,False,False,True,False,False,False,False,True,False,True
26834,2012,not recorded,21,6702,6702,319.1,319.1,0.9,0.0,23.0,51-60,55,2,0,263276,1,0,0,True,False,True,False,True,False,False,False,False,False,False,True,False,False,False,True,False,True
26840,2010,not recorded,68,6323,6323,93.0,93.0,6.8,0.1,10.0,91-100,93,2,0,226805,1,0,0,True,False,True,False,True,False,False,False,False,False,True,False,False,False,False,True,False,True
26875,2011,not recorded,161,9865,9865,61.3,61.3,8.1,0.1,20.0,101+,131,2,0,467092,1,0,0,True,False,True,False,True,False,False,True,False,False,False,False,False,False,False,True,False,True
26925,2012,not recorded,7,771,771,110.1,110.1,0.6,0.0,11.0,21-30,26,2,0,28633,1,0,0,True,False,True,False,True,False,False,False,False,False,False,False,True,False,False,True,False,True
26962,2012,not recorded,157,13464,13464,85.8,85.8,12.1,0.1,13.0,81-90,81,2,0,635687,1,0,0,True,False,True,False,True,False,False,True,False,False,False,False,False,False,False,True,False,True
27044,2012,not recorded,93,11548,11548,124.2,124.2,6.2,0.0,15.0,101+,128,2,0,528011,1,0,0,True,False,True,False,True,False,False,False,False,False,True,False,False,False,False,True,False,True
27122,2013,not recorded,14,1205,1205,86.1,86.1,1.4,0.0,10.0,31-40,35,2,0,45403,1,0,0,True,False,True,False,True,False,False,False,False,False,False,True,False,False,False,True,False,True
27185,2012,not recorded,21,1229,1229,58.5,58.5,1.1,0.0,19.0,31-40,34,2,0,64099,1,0,0,True,False,True,False,True,False,False,False,False,False,False,True,False,False,False,True,False,True
27208,2013,not recorded,12,4956,4956,413.0,413.0,0.5,0.0,22.0,31-40,34,2,0,167987,1,0,0,True,False,True,False,True,False,False,False,False,False,False,True,False,False,False,True,False,True
27218,2012,not recorded,26,1086,1086,41.8,41.8,4.3,0.3,6.0,Sep-14,14,2,0,54156,1,0,0,True,False,True,False,True,False,False,False,False,False,False,True,False,False,False,True,False,True
27245,2012,not recorded,36,2020,2020,56.1,56.1,12.0,0.9,3.0,Sep-14,13,2,0,60174,1,0,0,True,False,True,False,True,False,False,False,False,False,True,False,False,False,False,True,False,True
27281,2010,analysis management,144,117,117,0.8,0.8,48.0,0.1,3.0,Missing,36,5,0,119674,1,0,0,True,True,False,False,False,True,False,True,False,False,False,False,False,False,True,False,True,False
27356,2011,not recorded,27,5922,5922,219.3,219.3,2.3,0.1,12.0,31-40,36,2,0,200599,1,0,0,True,False,True,False,True,False,False,False,False,False,False,True,False,False,False,True,False,True
27393,2013,not recorded,8,785,785,98.1,98.1,0.8,0.0,10.0,15-20,20,2,0,36752,1,0,0,True,False,True,False,True,False,False,False,False,False,False,False,True,False,False,True,False,True
27429,2012,not recorded,14,1784,1784,127.4,127.4,0.9,0.0,15.0,31-40,39,2,0,110373,1,0,0,True,False,True,False,True,False,False,False,False,False,False,True,False,False,False,True,False,True
27477,2011,not recorded,8,2214,2214,276.8,276.8,0.7,0.0,11.0,41-50,47,2,0,87382,1,0,0,True,False,True,False,True,False,False,False,False,False,False,False,True,False,False,True,False,True
27508,2013,not recorded,94,1939,1939,20.6,20.6,5.2,0.3,18.0,15-20,20,2,0,121092,1,0,0,True,False,True,False,True,False,False,False,False,False,True,False,False,False,False,True,False,True
27515,2011,not recorded,7,1179,1179,168.4,168.4,0.5,0.0,14.0,31-40,33,2,0,68015,1,0,0,True,False,True,False,True,False,False,False,False,False,False,False,True,False,False,True,False,True
27611,2011,not recorded,7,2009,2009,287.0,287.0,0.6,0.0,12.0,31-40,39,2,0,117723,1,0,0,True,False,True,False,True,False,False,False,False,False,False,False,True,False,False,True,False,True
27635,2011,not recorded,34,4500,4500,132.4,132.4,2.3,0.0,15.0,71-80,76,2,0,290552,1,0,0,True,False,True,False,True,False,False,False,False,False,True,False,False,False,False,True,False,True
27694,2012,not recorded,33,1679,1679,50.9,50.9,2.4,0.1,14.0,15-20,17,2,0,93698,1,0,0,True,False,True,False,True,False,False,False,False,False,True,False,False,False,False,True,False,True
27743,2011,not recorded,12,8062,8062,671.8,671.8,0.8,0.0,15.0,71-80,75,2,0,409069,1,0,0,True,False,True,False,True,False,False,False,False,False,False,True,False,False,False,True,False,True
27745,2011,not recorded,50,20092,20092,401.8,401.8,2.6,0.0,19.0,101+,135,2,0,1030071,1,0,0,True,False,True,False,True,False,False,False,False,False,True,False,False,False,False,True,False,True
27768,2012,not recorded,13,4065,4065,312.7,312.7,0.5,0.0,24.0,41-50,49,2,0,178196,1,0,0,True,False,True,False,True,False,False,False,False,False,False,True,False,False,False,True,False,True
27876,2013,not recorded,130,5944,5944,45.7,45.7,8.7,0.2,15.0,51-60,55,2,0,245859,1,0,0,True,False,True,False,True,False,False,True,False,False,False,False,False,False,False,True,False,True
27936,2012,not recorded,39,6220,6220,159.5,159.5,2.3,0.1,17.0,41-50,45,2,0,242807,1,0,0,True,False,True,False,True,False,False,False,False,False,True,False,False,False,False,True,False,True
27965,2012,not recorded,90,3044,3044,33.8,33.8,9.0,0.3,10.0,21-30,29,2,0,131231,1,0,0,True,False,True,False,True,False,False,False,False,False,True,False,False,False,False,True,False,True
27984,2011,not recorded,22,2397,2397,109.0,109.0,1.8,0.1,12.0,21-30,27,2,0,160002,1,0,0,True,False,True,False,True,False,False,False,False,False,False,True,False,False,False,True,False,True
28111,2012,not recorded,80,4497,4497,56.2,56.2,5.7,0.1,14.0,31-40,39,2,0,187699,1,0,0,True,False,True,False,True,False,False,False,False,False,True,False,False,False,False,True,False,True
28179,2012,not recorded,134,20972,20972,156.5,156.5,12.2,0.1,11.0,101+,112,2,0,1064006,1,0,0,True,False,True,False,True,False,False,True,False,False,False,False,False,False,False,True,False,True
28196,2012,not recorded,7,511,511,73.0,73.0,0.8,0.0,9.0,15-20,20,2,0,20559,1,0,0,True,False,True,False,True,False,False,False,False,False,False,False,True,False,False,True,False,True
28242,2012,not recorded,64,10383,10383,162.2,162.2,2.6,0.0,25.0,101+,123,2,0,662131,1,0,0,True,False,True,False,True,False,False,False,False,False,True,False,False,False,False,True,False,True
28248,2012,not recorded,5,1965,1965,393.0,393.0,0.7,0.0,7.0,21-30,25,2,0,98296,1,0,0,True,False,True,False,True,False,False,False,False,False,False,False,True,False,False,True,False,True
28342,2012,not recorded,4,422,422,105.5,105.5,0.4,0.0,11.0,15-20,19,2,0,14414,1,0,0,True,False,True,False,True,False,False,False,False,False,False,False,True,False,False,True,False,True
28370,2013,not recorded,4,620,620,155.0,155.0,0.6,0.0,7.0,Sep-14,14,2,0,20489,1,0,0,True,False,True,False,True,False,False,False,False,False,False,False,True,False,False,True,False,True
28374,2012,not recorded,107,7220,7220,67.5,67.5,7.1,0.2,15.0,31-40,40,2,0,255480,1,0,0,True,False,True,False,True,False,False,True,False,False,False,False,False,False,False,True,False,True
28375,2007,catalogue/register of things or events,733,15492,15492,21.1,21.1,61.1,0.1,12.0,Missing,36,3,0,119674,1,0,0,True,False,True,False,False,True,False,False,True,False,False,False,False,False,True,False,True,False
28415,2013,not recorded,43,20150,20150,468.6,468.6,2.9,0.0,15.0,101+,127,2,0,1026766,1,0,0,True,False,True,False,True,False,False,False,False,False,True,False,False,False,False,True,False,True
28437,2012,not recorded,4,630,630,157.5,157.5,0.6,0.1,7.0,05-Aug,7,2,0,23477,1,0,0,True,False,True,False,True,False,False,False,False,False,False,False,True,False,False,True,False,True
28560,2012,not recorded,8,3356,3356,419.5,419.5,0.4,0.0,21.0,41-50,47,2,0,176124,1,0,0,True,False,True,False,True,False,False,False,False,False,False,False,True,False,False,True,False,True
28694,2012,not recorded,15,580,580,38.7,38.7,3.0,0.3,5.0,Sep-14,12,2,0,26500,1,0,0,True,False,True,False,True,False,False,False,False,False,False,True,False,False,False,True,False,True
28695,2013,not recorded,118,38225,38225,323.9,323.9,5.4,0.1,22.0,71-80,73,2,0,1710055,1,0,0,True,False,True,False,True,False,False,True,False,False,False,False,False,False,False,True,False,True
28708,2013,not recorded,12,275,275,22.9,22.9,1.5,0.1,8.0,21-30,21,2,0,15603,1,0,0,True,False,True,False,True,False,False,False,False,False,False,True,False,False,False,True,False,True
28725,2012,not recorded,300,20950,20950,69.8,69.8,14.3,0.1,21.0,101+,109,2,0,1162668,1,0,0,True,False,True,False,True,False,False,False,True,False,False,False,False,False,False,True,False,True
28752,2011,not recorded,44,11048,11048,251.1,251.1,3.1,0.0,14.0,101+,121,2,0,505251,1,0,0,True,False,True,False,True,False,False,False,False,False,True,False,False,False,False,True,False,True
28770,2012,not recorded,7,518,518,74.0,74.0,1.4,0.1,5.0,Sep-14,11,2,0,24560,1,0,0,True,False,True,False,True,False,False,False,False,False,False,False,True,False,False,True,False,True
28793,2011,not recorded,18,5776,5776,320.9,320.9,0.9,0.0,20.0,81-90,82,2,0,323066,1,0,0,True,False,True,False,True,False,False,False,False,False,False,True,False,False,False,True,False,True
28817,2012,not recorded,49,1297,1297,26.5,26.5,8.2,0.4,6.0,21-30,21,2,0,86574,1,0,0,True,False,True,False,True,False,False,False,False,False,True,False,False,False,False,True,False,True
28830,2012,not recorded,7,1265,1265,180.7,180.7,0.7,0.0,10.0,31-40,31,2,0,52065,1,0,0,True,False,True,False,True,False,False,False,False,False,False,False,True,False,False,True,False,True
28908,2012,not recorded,13,513,513,39.5,39.5,1.6,0.1,8.0,21-30,29,2,0,28157,1,0,0,True,False,True,False,True,False,False,False,False,False,False,True,False,False,False,True,False,True
28965,2012,not recorded,52,6512,6512,125.2,125.2,2.7,0.1,19.0,31-40,31,2,0,394683,1,0,0,True,False,True,False,True,False,False,False,False,False,True,False,False,False,False,True,False,True
28972,2012,not recorded,4,218,218,54.5,54.5,1.0,0.1,4.0,05-Aug,8,2,0,7970,1,0,0,True,False,True,False,True,False,False,False,False,False,False,False,True,False,False,True,False,True
29026,2012,not recorded,17,331,331,19.5,19.5,1.9,0.2,9.0,Sep-14,9,2,0,7314,1,0,0,True,False,True,False,True,False,False,False,False,False,False,True,False,False,False,True,False,True
29057,2013,not recorded,5,704,704,140.8,140.8,0.7,0.0,7.0,15-20,19,2,0,29413,1,0,0,True,False,True,False,True,False,False,False,False,False,False,False,True,False,False,True,False,True
29133,2013,not recorded,70,5641,5641,80.6,80.6,6.4,0.2,11.0,21-30,26,2,0,147205,1,0,0,True,False,True,False,True,False,False,False,False,False,True,False,False,False,False,True,False,True
29164,2013,not recorded,6,1755,1755,292.5,292.5,0.7,0.0,9.0,15-20,19,2,0,61191,1,0,0,True,False,True,False,True,False,False,False,False,False,False,False,True,False,False,True,False,True
29177,2010,not recorded,138,10082,10082,73.1,73.1,12.5,0.1,11.0,81-90,88,2,0,483231,1,0,0,True,False,True,False,True,False,False,True,False,False,False,False,False,False,False,True,False,True
29197,2012,not recorded,14,3752,3752,268.0,268.0,0.9,0.0,15.0,31-40,34,2,0,141085,1,0,0,True,False,True,False,True,False,False,False,False,False,False,True,False,False,False,True,False,True
29310,2008,hospital information system,2003,47493,47493,23.7,23.7,200.3,2.9,10.0,61-70,68,17,9,119674,1,1,1,True,False,True,False,True,False,True,False,False,False,False,False,False,False,True,False,True,False
29323,2011,not recorded,156,9671,9671,62.0,62.0,17.3,0.3,9.0,51-60,56,2,0,423591,1,0,0,True,False,True,False,True,False,False,True,False,False,False,False,False,False,False,True,False,True
29385,2012,not recorded,95,5610,5610,59.1,59.1,8.6,0.3,11.0,21-30,30,2,0,210801,1,0,0,True,False,True,False,True,False,False,False,False,False,True,False,False,False,False,True,False,True
29474,2012,not recorded,7,380,380,54.3,54.3,0.8,0.1,9.0,Sep-14,11,2,0,20373,1,0,0,True,False,True,False,True,False,False,False,False,False,False,False,True,False,False,True,False,True
29629,2011,not recorded,22,4247,4247,193.0,193.0,1.3,0.0,17.0,61-70,61,2,0,229810,1,0,0,True,False,True,False,True,False,False,False,False,False,False,True,False,False,False,True,False,True
29703,2012,not recorded,24,894,894,37.3,37.3,4.0,0.2,6.0,15-20,19,2,0,57131,1,0,0,True,False,True,False,True,False,False,False,False,False,False,True,False,False,False,True,False,True
29760,2013,not recorded,31,5749,5749,185.5,185.5,1.4,0.0,22.0,61-70,61,2,0,271872,1,0,0,True,False,True,False,True,False,False,False,False,False,True,False,False,False,False,True,False,True
29940,2011,not recorded,44,7164,7164,162.8,162.8,2.9,0.0,15.0,71-80,74,2,0,263736,1,0,0,True,False,True,False,True,False,False,False,False,False,True,False,False,False,False,True,False,True
30005,2012,not recorded,270,9008,9008,33.4,33.4,18.0,0.2,15.0,91-100,94,2,0,512823,1,0,0,True,False,True,False,True,False,False,True,False,False,False,False,False,False,False,True,False,True
30008,2012,not recorded,57,4243,4243,74.4,74.4,3.4,0.0,17.0,81-90,84,2,0,261226,1,0,0,True,False,True,False,True,False,False,False,False,False,True,False,False,False,False,True,False,True
30026,2012,not recorded,19,1603,1603,84.4,84.4,1.6,0.0,12.0,41-50,49,2,0,101632,1,0,0,True,False,True,False,True,False,False,False,False,False,False,True,False,False,False,True,False,True
30122,2012,not recorded,107,5598,5598,52.3,52.3,4.9,0.1,22.0,61-70,66,2,0,230272,1,0,0,True,False,True,False,True,False,False,True,False,False,False,False,False,False,False,True,False,True
30130,2013,not recorded,19,259,259,13.6,13.6,3.8,0.2,5.0,21-30,24,2,0,9511,1,0,0,True,False,True,False,True,False,False,False,False,False,False,True,False,False,False,True,False,True
30145,2013,not recorded,13,488,488,37.5,37.5,1.2,0.1,11.0,Sep-14,12,2,0,21780,1,0,0,True,False,True,False,True,False,False,False,False,False,False,True,False,False,False,True,False,True
30192,2012,not recorded,44,300,300,6.8,6.8,4.9,1.2,9.0,03-Apr,4,2,0,11289,1,0,0,True,False,True,False,True,False,False,False,False,False,True,False,False,False,False,True,False,True
30194,2012,not recorded,142,54087,54087,380.9,380.9,6.8,0.0,21.0,101+,172,2,0,2234765,1,0,0,True,False,True,False,True,False,False,True,False,False,False,False,False,False,False,True,False,True
30277,2013,not recorded,28,476,476,17.0,17.0,2.5,0.1,11.0,15-20,17,2,0,22548,1,0,0,True,False,True,False,True,False,False,False,False,False,False,True,False,False,False,True,False,True
30338,2013,not recorded,371,33277,33277,89.7,89.7,20.6,0.2,18.0,101+,133,2,0,1781593,1,0,0,True,False,True,False,True,False,False,False,True,False,False,False,False,False,False,True,False,True
30498,2013,not recorded,3,1449,1449,483.0,483.0,0.2,0.0,14.0,31-40,39,2,0,77996,1,0,0,True,False,True,False,True,False,False,False,False,False,False,False,True,False,False,True,False,True
30548,2013,not recorded,27,948,948,35.1,35.1,3.4,0.1,8.0,31-40,32,2,0,28201,1,0,0,True,False,True,False,True,False,False,False,False,False,False,True,False,False,False,True,False,True
30604,2011,not recorded,7,2447,2447,349.6,349.6,0.6,0.0,11.0,41-50,47,2,0,105580,1,0,0,True,False,True,False,True,False,False,False,False,False,False,False,True,False,False,True,False,True
30616,2012,not recorded,27,3131,3131,116.0,116.0,2.5,0.0,11.0,61-70,64,2,0,143978,1,0,0,True,False,True,False,True,False,False,False,False,False,False,True,False,False,False,True,False,True
30702,2011,business application,255,844,844,3.3,3.3,102.0,0.1,2.5,Missing,36,2,0,54000,1,0,0,True,False,True,False,False,True,False,True,False,False,False,False,False,True,False,False,False,True
30827,2012,not recorded,24,2831,2831,118.0,118.0,1.3,0.0,19.0,31-40,40,2,0,104490,1,0,0,True,False,True,False,True,False,False,False,False,False,False,True,False,False,False,True,False,True
30837,2012,not recorded,33,184,184,5.6,5.6,5.5,0.6,6.0,Sep-14,9,2,0,6866,1,0,0,True,False,True,False,True,False,False,False,False,False,True,False,False,False,False,True,False,True
30868,2013,not recorded,40,8124,8124,203.1,203.1,3.1,0.1,13.0,51-60,57,2,0,350037,1,0,0,True,False,True,False,True,False,False,False,False,False,True,False,False,False,False,True,False,True
30886,2011,not recorded,7,762,762,108.9,108.9,0.7,0.1,10.0,Sep-14,11,2,0,48694,1,0,0,True,False,True,False,True,False,False,False,False,False,False,False,True,False,False,True,False,True
30936,2011,not recorded,13,1442,1442,110.9,110.9,3.3,0.1,4.0,21-30,30,2,0,62864,1,0,0,True,False,True,False,True,False,False,False,False,False,False,True,False,False,False,True,False,True
30948,2013,not recorded,5,1176,1176,235.2,235.2,0.5,0.0,10.0,15-20,19,2,0,47720,1,0,0,True,False,True,False,True,False,False,False,False,False,False,False,True,False,False,True,False,True
31131,2012,not recorded,8,8319,8319,1039.9,1039.9,0.3,0.0,29.0,81-90,88,2,0,495705,1,0,0,True,False,True,False,True,False,False,False,False,False,False,False,True,False,False,True,False,True
31279,2012,not recorded,15,2965,2965,197.7,197.7,1.4,0.0,11.0,31-40,31,2,0,129770,1,0,0,True,False,True,False,True,False,False,False,False,False,False,True,False,False,False,True,False,True
31324,2012,not recorded,250,20164,20164,80.7,80.7,27.8,0.3,9.0,91-100,99,2,0,1494342,1,0,0,True,False,True,False,True,False,False,True,False,False,False,False,False,False,False,True,False,True
31351,2011,not recorded,51,722,722,14.2,14.2,17.0,1.2,3.0,Sep-14,14,2,0,26234,1,0,0,True,False,True,False,True,False,False,False,False,False,True,False,False,False,False,True,False,True
31419,2013,not recorded,38,7745,7745,203.8,203.8,3.5,0.1,11.0,51-60,57,2,0,273219,1,0,0,True,False,True,False,True,False,False,False,False,False,True,False,False,False,False,True,False,True
31471,2011,not recorded,10,724,724,72.4,72.4,1.1,0.0,9.0,21-30,24,2,0,41788,1,0,0,True,False,True,False,True,False,False,False,False,False,False,True,False,False,False,True,False,True
31481,2012,not recorded,21,1032,1032,49.1,49.1,2.6,0.1,8.0,21-30,22,2,0,58291,1,0,0,True,False,True,False,True,False,False,False,False,False,False,True,False,False,False,True,False,True
31599,2012,not recorded,5,4613,4613,922.6,922.6,0.3,0.0,20.0,51-60,60,2,0,251579,1,0,0,True,False,True,False,True,False,False,False,False,False,False,False,True,False,False,True,False,True
31713,2012,not recorded,86,32528,32528,378.2,378.2,3.1,0.0,28.0,101+,150,2,0,1368142,1,0,0,True,False,True,False,True,False,False,False,False,False,True,False,False,False,False,True,False,True
31775,2012,not recorded,251,38346,38346,152.8,152.8,17.9,0.1,14.0,101+,188,2,0,1960370,1,0,0,True,False,True,False,True,False,False,True,False,False,False,False,False,False,False,True,False,True
31845,2012,not recorded,6,1849,1849,308.2,308.2,0.5,0.0,12.0,41-50,46,2,0,93772,1,0,0,True,False,True,False,True,False,False,False,False,False,False,False,True,False,False,True,False,True
31847,2013,not recorded,64,11496,11496,179.6,179.6,3.8,0.1,17.0,51-60,53,2,0,385764,1,0,0,True,False,True,False,True,False,False,False,False,False,True,False,False,False,False,True,False,True
31870,2012,not recorded,10,2800,2800,280.0,280.0,0.9,0.0,11.0,51-60,53,2,0,148260,1,0,0,True,False,True,False,True,False,False,False,False,False,False,True,False,False,False,True,False,True
31962,2011,not recorded,14,2615,2615,186.8,186.8,1.2,0.1,12.0,15-20,19,2,0,106731,1,0,0,True,False,True,False,True,False,False,False,False,False,False,True,False,False,False,True,False,True
31976,2011,not recorded,41,1225,1225,29.9,29.9,13.7,4.6,3.0,03-Apr,3,2,0,7953,1,0,0,True,False,True,False,True,False,False,False,False,False,True,False,False,False,False,True,False,True
32083,2012,not recorded,19,8771,8771,461.6,461.6,1.9,0.0,10.0,61-70,67,2,0,411386,1,0,0,True,False,True,False,True,False,False,False,False,False,False,True,False,False,False,True,False,True
32183,2012,not recorded,56,5078,5078,90.7,90.7,4.3,0.1,13.0,41-50,46,2,0,214738,1,0,0,True,False,True,False,True,False,False,False,False,False,True,False,False,False,False,True,False,True
32259,2012,not recorded,149,30901,30901,207.4,207.4,5.3,0.0,28.0,101+,150,2,0,1279921,1,0,0,True,False,True,False,True,False,False,True,False,False,False,False,False,False,False,True,False,True
32322,2010,not recorded,40,141,141,3.5,3.5,20.0,10.0,2.0,2,2,2,0,1597,1,0,0,True,False,True,False,True,False,False,False,False,False,True,False,False,False,False,True,False,True
32401,2013,not recorded,79,4995,4995,63.2,63.2,7.2,0.2,11.0,41-50,46,2,0,261982,1,0,0,True,False,True,False,True,False,False,False,False,False,True,False,False,False,False,True,False,True
32466,2012,not recorded,32,2343,2343,73.2,73.2,5.3,0.2,6.0,21-30,29,2,0,86147,1,0,0,True,False,True,False,True,False,False,False,False,False,True,False,False,False,False,True,False,True
32487,2012,not recorded,19,3398,3398,178.8,178.8,1.6,0.0,12.0,31-40,34,2,0,146828,1,0,0,True,False,True,False,True,False,False,False,False,False,False,True,False,False,False,True,False,True
32488,2012,not recorded,15,1625,1625,108.3,108.3,1.2,0.1,13.0,21-30,21,2,0,53902,1,0,0,True,False,True,False,True,False,False,False,False,False,False,True,False,False,False,True,False,True
32518,2013,not recorded,28,473,473,16.9,16.9,5.6,0.4,5.0,Sep-14,14,2,0,19474,1,0,0,True,False,True,False,True,False,False,False,False,False,False,True,False,False,False,True,False,True
32525,2012,not recorded,8,1253,1253,156.6,156.6,0.6,0.0,14.0,15-20,18,2,0,45577,1,0,0,True,False,True,False,True,False,False,False,False,False,False,False,True,False,False,True,False,True
32544,2011,not recorded,24,9251,9251,385.5,385.5,2.4,0.0,10.0,91-100,100,2,0,430439,1,0,0,True,False,True,False,True,False,False,False,False,False,False,True,False,False,False,True,False,True
32593,2013,not recorded,12,1270,1270,105.8,105.8,1.5,0.1,8.0,15-20,15,2,0,45282,1,0,0,True,False,True,False,True,False,False,False,False,False,False,True,False,False,False,True,False,True
32596,2012,not recorded,6,3530,3530,588.3,588.3,0.2,0.0,25.0,31-40,38,2,0,118882,1,0,0,True,False,True,False,True,False,False,False,False,False,False,False,True,False,False,True,False,True
32618,2013,not recorded,41,535,535,13.0,13.0,8.2,0.5,5.0,15-20,17,2,0,27445,1,0,0,True,False,True,False,True,False,False,False,False,False,True,False,False,False,False,True,False,True
32729,2013,not recorded,83,5252,5252,63.3,63.3,3.8,0.1,22.0,51-60,57,2,0,234454,1,0,0,True,False,True,False,True,False,False,False,False,False,True,False,False,False,False,True,False,True
32738,2012,not recorded,6,233,233,38.8,38.8,2.0,0.3,3.0,05-Aug,7,2,0,1293,1,0,0,True,False,True,False,True,False,False,False,False,False,False,False,True,False,False,True,False,True
